Date,Global,US,MX,PH,ES,MY,CL,PE,ID,AR,NO,SE,GB,CR,CO,SG,NL,DK,IT,AU,HK,EC,DE,BE,PT,FR,BR,CA,BO,TW,CH,PL,DO,PY,FI,NZ,HN,SV,TR,GT,IE,NI,PA,GR,IS,UY,CZ,LT,AT,HU,JP,EE,LV,TH,SK
Total,210966405,24469967,23549711,8154336,6797067,6346301,6247396,5011228,4967313,4804593,4801186,4512577,2519662,2459330,2391253,2201656,2146613,1727134,1510227,1396419,1334003,1333546,1239159,1223743,1123281,903441,828599,662967,634196,558255,510950,491157,485562,332166,318853,307699,301140,299625,278150,233135,226795,221347,173841,161497,133681,128208,64797,57465,48274,42068,41864,39248,26471,11053,7863
Peak,"125 (6,838,656)","7 (1,732,057)","22 (472,776)","49 (204,728)","11 (229,223)","32 (79,985)","23 (143,948)","15 (91,880)","93 (471,997)","29 (144,006)","11 (281,258)","15 (473,936)","14 (412,166)","25 (51,511)","35 (48,413)","22 (43,645)","13 (186,785)","12 (179,822)","9 (52,856)","17 (293,379)","7 (29,668)","17 (24,769)","26 (148,948)","8 (44,781)","10 (51,175)","7 (69,215)","159 (52,185)","167 (234,779)","52 (7,767)","25 (20,389)","12 (12,444)","13 (18,797)","12 (8,014)","80 (7,772)","23 (65,858)","12 (46,579)","29 (6,075)","23 (6,195)","104 (11,517)","28 (9,534)","13 (49,202)","53 (3,551)","28 (6,047)","50 (3,029)","111 (6,674)","34 (3,890)","136 (3,593)","13 (1,991)","21 (6,681)","50 (2,479)","125 (41,864)","11 (2,288)","12 (1,722)","186 (11,053)","124 (1,582)"
2013/04/28,--,"7 (941,106)",--,--,"14 (199,685)",--,--,--,--,--,"11 (281,258)","15 (473,936)","14 (231,557)",--,--,--,"13 (186,785)","12 (179,822)","9 (52,856)","18 (49,518)",--,--,"29 (140,308)","8 (44,781)","10 (12,757)","7 (69,215)",--,--,--,--,"15 (11,161)","13 (16,562)",--,--,"23 (65,858)","12 (22,186)",--,--,--,--,"13 (15,474)",--,--,--,--,--,--,"15 (1,689)","21 (6,681)",--,--,"11 (2,288)","12 (1,722)",--,--
2013/05/05,--,"8 (889,269)",--,--,"14 (209,131)",--,--,--,--,--,"13 (262,966)","17 (448,816)","15 (221,367)",--,--,--,"13 (158,820)","15 (165,089)","9 (51,790)","21 (48,275)",--,--,"27 (147,049)","9 (43,591)","11 (12,756)","8 (67,094)",--,--,--,--,"14 (11,590)","13 (16,068)",--,--,"23 (63,488)","12 (21,387)",--,--,--,--,"14 (15,154)",--,--,--,--,--,--,"14 (1,783)","22 (6,647)",--,--,"16 (2,052)","13 (1,704)",--,--
2013/05/12,--,"8 (869,859)",--,--,"12 (215,094)",--,--,--,--,--,"15 (252,145)","19 (438,139)","15 (203,899)",--,--,--,"15 (161,467)","16 (155,050)","9 (50,451)","19 (49,846)",--,--,"26 (148,948)","12 (42,797)","11 (14,403)","8 (63,695)",--,--,--,--,"12 (12,444)","13 (18,656)",--,--,"25 (54,233)","12 (20,160)",--,--,--,--,"15 (13,708)",--,--,--,--,--,--,"13 (1,952)","23 (6,312)",--,--,"16 (2,000)","14 (1,450)",--,--
2013/05/19,--,"8 (823,533)",--,--,"12 (212,398)",--,--,--,--,--,"16 (227,137)","22 (407,951)","15 (193,907)",--,--,--,"16 (148,690)","18 (139,086)","9 (52,728)","17 (50,470)",--,--,"26 (135,206)","15 (38,156)","13 (15,189)","8 (63,870)",--,--,--,--,"15 (11,568)","15 (18,241)",--,--,"29 (45,839)","12 (20,297)",--,--,--,--,"15 (12,518)",--,--,--,--,--,--,"18 (1,780)","23 (5,456)",--,--,"16 (1,796)","21 (1,342)",--,--
2013/05/26,--,"13 (749,370)",--,--,"11 (227,571)",--,--,--,--,--,"16 (234,938)","23 (395,124)","31 (179,742)",--,--,--,"17 (148,747)","20 (131,280)","10 (51,566)","27 (49,534)",--,--,"29 (134,998)","15 (35,576)","13 (15,610)","22 (60,762)",--,--,--,--,"21 (12,162)","22 (18,797)",--,--,"32 (48,285)","13 (19,003)",--,--,--,--,"23 (11,756)",--,--,--,--,--,--,"13 (1,991)","31 (5,295)",--,--,"17 (2,017)","25 (1,386)",--,--
2013/06/02,--,"15 (641,008)",--,--,"12 (229,223)",--,--,--,--,--,"15 (233,805)","24 (363,034)","27 (165,284)",--,--,--,"22 (132,257)","23 (113,178)","14 (50,521)","22 (44,493)",--,--,"33 (127,614)","15 (30,550)","15 (15,138)","22 (50,195)",--,--,--,--,"19 (10,873)","23 (16,126)",--,--,"48 (41,150)","15 (17,629)",--,--,--,--,"22 (10,262)",--,--,--,--,--,--,"16 (1,938)","34 (4,551)",--,--,"23 (1,828)","32 (1,247)",--,--
2013/06/09,--,"17 (601,063)",--,--,"12 (221,317)",--,--,--,--,--,"15 (238,238)","26 (318,032)","26 (154,363)",--,--,--,"24 (112,944)","28 (103,919)","16 (44,770)","23 (39,455)",--,--,"38 (107,995)","18 (25,432)","15 (14,291)","21 (43,479)",--,--,--,--,"20 (9,995)","33 (14,365)",--,--,--,"19 (16,102)",--,--,--,--,"23 (8,557)",--,--,--,--,--,--,"19 (1,787)","41 (3,731)",--,--,"22 (1,880)","34 (1,196)",--,--
2013/06/16,--,"19 (560,408)",--,--,"12 (221,249)",--,--,--,--,--,"13 (239,542)","27 (296,865)","30 (135,661)",--,--,--,"27 (108,241)","30 (95,944)","15 (42,688)","25 (40,560)",--,--,"40 (102,585)","21 (24,284)","15 (13,616)","23 (42,239)",--,--,--,--,"18 (9,981)","31 (13,828)",--,--,--,"20 (15,561)",--,--,--,--,"26 (7,603)",--,--,--,--,--,--,"16 (1,886)","41 (3,502)",--,--,"21 (2,037)","33 (1,160)",--,--
2013/06/23,--,"33 (523,773)",--,--,"12 (213,765)",--,--,--,--,--,"19 (230,913)","36 (263,270)","33 (125,327)",--,--,--,"34 (95,933)","38 (83,319)","15 (38,446)","25 (38,275)",--,--,"45 (91,003)","22 (21,412)","15 (13,728)","21 (39,954)",--,--,--,--,"20 (8,967)","32 (12,486)",--,--,--,"28 (13,254)",--,--,--,--,"27 (6,871)",--,--,--,--,--,--,"17 (1,781)","45 (2,962)",--,--,"27 (1,685)","30 (1,048)",--,--
2013/06/30,--,"27 (497,404)",--,--,"14 (192,295)",--,--,--,--,--,"23 (213,342)","35 (251,371)","38 (115,529)",--,--,--,"38 (81,022)","39 (73,959)","14 (36,540)","29 (36,537)",--,--,"50 (91,254)","23 (20,335)","15 (11,970)","21 (38,942)",--,--,--,--,"20 (8,841)","32 (13,779)",--,--,--,"30 (10,462)",--,--,--,--,"28 (6,245)",--,--,--,--,--,--,"18 (1,769)","43 (3,137)",--,--,"27 (1,615)",--,--,--
2013/07/07,--,"27 (428,174)",--,--,"14 (172,536)",--,--,--,--,--,"24 (191,561)","38 (241,802)","37 (105,222)",--,--,--,"40 (70,134)","40 (62,934)","17 (34,541)","33 (34,443)",--,--,--,"30 (16,807)","16 (10,962)","23 (36,941)",--,--,--,--,"19 (8,395)","30 (11,565)",--,--,--,"34 (9,781)",--,--,--,--,"32 (5,708)",--,--,--,--,--,--,"19 (1,661)",--,--,--,"31 (1,749)","30 (1,064)",--,--
2013/07/14,--,"42 (436,082)",--,--,"15 (164,015)",--,--,--,--,--,"30 (171,496)","43 (220,912)","44 (102,388)",--,--,--,"45 (62,409)","42 (58,825)","18 (34,863)","38 (31,876)",--,--,--,"31 (15,060)","19 (10,387)","24 (33,692)",--,--,--,--,"24 (7,917)","32 (11,913)",--,--,--,"40 (9,099)",--,--,--,--,"36 (5,395)",--,--,--,--,--,--,"25 (1,514)",--,--,--,"33 (1,576)","33 (1,072)",--,--
2013/07/21,--,"39 (416,490)",--,--,"18 (156,814)",--,--,--,--,--,"30 (160,484)","45 (205,011)","45 (94,071)",--,--,--,--,"45 (54,807)","20 (32,685)","39 (31,947)",--,--,--,"33 (13,545)","22 (9,370)","24 (31,329)",--,--,--,--,"25 (7,460)","30 (11,427)",--,--,--,"40 (9,178)",--,--,--,--,"35 (4,985)",--,--,--,--,--,--,"25 (1,583)",--,--,--,"34 (1,504)","38 (1,040)",--,--
2013/07/28,--,"36 (399,722)",--,--,"17 (145,372)",--,--,--,--,--,"32 (149,051)","50 (188,314)","50 (79,179)",--,--,--,"50 (49,723)",--,"21 (29,745)","47 (29,753)",--,--,--,"36 (12,736)","23 (9,011)","25 (32,467)",--,--,--,--,"29 (6,773)","36 (10,513)",--,--,--,"47 (8,697)",--,--,--,--,"43 (4,180)",--,--,--,--,--,--,"28 (1,453)",--,--,--,"35 (1,542)",--,--,--
2013/08/04,--,"33 (386,686)",--,--,"18 (140,550)",--,--,--,--,--,"29 (152,548)",--,--,--,--,--,--,--,"22 (27,059)",--,--,--,--,"37 (12,690)","27 (8,198)","26 (30,039)",--,--,--,--,"31 (6,762)","45 (9,717)",--,--,--,--,--,--,--,--,"46 (3,826)",--,--,--,--,--,--,"31 (1,311)",--,--,--,"42 (1,323)",--,--,--
2013/08/11,--,"36 (375,136)",--,--,"22 (126,510)",--,--,--,--,--,"29 (152,805)",--,--,--,--,--,--,"50 (54,816)","26 (23,773)",--,--,--,--,"37 (12,482)","29 (7,765)","25 (28,362)",--,--,--,--,"34 (6,577)","50 (9,180)",--,--,--,--,--,--,--,--,--,--,--,--,--,--,--,"35 (1,224)",--,--,--,"40 (1,331)",--,--,--
2013/08/18,--,"45 (376,472)",--,--,"24 (109,528)",--,--,--,--,--,"31 (146,774)",--,--,--,--,--,--,--,"30 (16,840)",--,--,--,--,"37 (12,057)","30 (6,381)","29 (25,063)",--,--,--,--,"40 (5,984)",--,--,--,--,--,--,--,--,--,--,--,--,--,--,--,--,"38 (1,187)",--,--,--,--,--,--,--
2013/08/25,--,"48 (359,448)",--,--,"29 (98,574)",--,--,--,--,--,"34 (136,659)",--,--,--,--,--,--,--,"32 (18,204)",--,--,--,--,--,"31 (6,213)","43 (24,453)",--,--,--,--,"42 (6,012)",--,--,--,--,--,--,--,--,--,--,--,--,--,--,--,--,"40 (1,132)",--,--,--,--,--,--,--
2013/09/01,--,"50 (360,141)",--,--,"28 (101,769)",--,--,--,--,--,"37 (128,488)",--,--,--,--,--,--,--,"34 (19,475)",--,--,--,--,--,"34 (6,106)","45 (23,753)",--,--,--,--,"47 (5,410)",--,--,--,--,--,--,--,--,--,--,--,--,--,--,--,--,"48 (1,059)",--,--,--,--,--,--,--
2013/09/08,--,--,--,--,"30 (107,843)",--,--,--,--,--,"38 (132,050)",--,--,--,--,--,--,--,"36 (20,664)",--,--,--,--,--,"38 (6,798)","47 (23,648)",--,--,--,--,--,--,--,--,--,--,--,--,--,--,--,--,--,--,--,--,--,--,--,--,--,--,--,--,--
2013/09/15,--,--,--,--,"32 (99,695)",--,--,--,--,--,"44 (117,791)",--,--,--,--,--,--,--,"39 (19,707)",--,--,--,--,--,"45 (6,254)",--,--,--,--,--,--,--,--,--,--,--,--,--,--,--,--,--,--,--,--,--,--,--,--,--,--,--,--,--,--
2013/09/22,--,--,--,--,"33 (92,733)",--,--,--,--,--,"48 (110,747)",--,--,--,--,--,--,--,"43 (17,872)",--,--,--,--,--,"48 (5,362)",--,--,--,--,--,--,--,--,--,--,--,--,--,--,--,--,--,--,--,--,--,--,--,--,--,--,--,--,--,--
2013/09/29,--,--,--,--,"31 (95,643)",--,--,--,--,--,--,--,--,--,--,--,--,--,"47 (17,045)",--,--,--,--,--,--,--,--,--,--,--,--,--,--,--,--,--,--,--,--,--,--,--,--,--,--,--,--,--,--,--,--,--,--,--,--
2013/10/06,--,--,--,--,"31 (94,422)",--,--,--,--,--,--,--,--,--,--,--,--,--,"46 (15,681)",--,--,--,--,--,--,--,--,--,--,--,--,--,--,--,--,--,--,--,--,--,--,--,--,--,--,--,--,--,--,--,--,--,--,--,--
2013/10/13,--,--,--,--,"33 (88,188)",--,--,--,--,--,--,--,--,--,--,--,--,--,"50 (14,811)",--,--,--,--,--,--,--,--,--,--,--,--,--,--,--,--,--,--,--,--,--,--,--,--,--,--,--,--,--,--,--,--,--,--,--,--
2013/10/20,--,--,--,--,"34 (89,661)",--,--,--,--,--,--,--,--,--,--,--,--,--,--,--,--,--,--,--,--,--,--,--,--,--,--,--,--,--,--,--,--,--,--,--,--,--,--,--,--,--,--,--,--,--,--,--,--,--,--
2013/10/27,--,--,--,--,"34 (83,364)",--,--,--,--,--,--,--,--,--,--,--,--,--,--,--,--,--,--,--,--,--,--,--,--,--,--,--,--,--,--,--,--,--,--,--,--,--,--,--,--,--,--,--,--,--,--,--,--,--,--
2013/11/03,--,--,--,--,"37 (79,349)",--,--,--,--,--,--,--,--,--,--,--,--,--,--,--,--,--,--,--,--,--,--,--,--,--,--,--,--,--,--,--,--,--,--,--,--,--,--,--,--,--,--,--,--,--,--,--,--,--,--
2013/11/10,--,--,--,--,"42 (76,912)",--,--,--,--,--,--,--,--,--,--,--,--,--,--,--,--,--,--,--,--,--,--,--,--,--,--,--,--,--,--,--,--,--,--,--,--,--,--,--,--,--,--,--,--,--,--,--,--,--,--
2013/11/17,--,--,--,--,"32 (95,869)",--,--,--,--,--,--,--,--,--,--,--,--,--,--,--,--,--,--,--,"47 (5,442)",--,--,--,--,--,--,--,--,--,--,--,--,--,--,--,--,--,--,--,--,--,--,--,--,--,--,--,--,--,--
2013/11/24,--,--,--,--,"31 (89,245)",--,--,--,--,--,--,--,--,--,--,--,--,--,--,--,--,--,--,--,"37 (6,341)",--,--,--,--,--,--,--,--,--,--,--,--,--,--,--,--,--,--,--,--,--,--,--,--,--,--,--,--,--,--
2013/12/01,--,--,--,--,"37 (74,732)",--,--,--,--,--,--,--,--,--,--,--,--,--,--,--,--,--,--,--,"49 (4,748)",--,--,--,--,--,--,--,--,--,--,--,--,--,--,--,--,--,--,--,--,--,--,--,--,--,--,--,--,--,--
2013/12/08,--,--,--,--,"44 (64,406)",--,--,--,--,--,--,--,--,--,--,--,--,--,--,--,--,--,--,--,--,--,--,--,--,--,--,--,--,--,--,--,--,--,--,--,--,--,--,--,--,--,--,--,--,--,--,--,--,--,--
2013/12/15,--,--,--,--,"50 (65,500)",--,--,--,--,--,--,--,--,--,--,--,--,--,--,--,--,--,--,--,--,--,--,--,--,--,--,--,--,--,--,--,--,--,--,--,--,--,--,--,--,--,--,--,--,--,--,--,--,--,--
2013/12/22,--,--,--,--,--,--,--,--,--,--,--,--,--,--,--,--,--,--,--,--,"31 (3,127)",--,--,--,--,--,--,--,--,--,--,--,--,--,--,--,--,--,--,--,--,--,--,--,--,--,--,--,--,--,--,--,--,--,--
2013/12/29,--,--,--,--,--,--,--,--,--,--,--,--,--,--,--,--,--,--,--,--,"36 (2,991)",--,--,--,--,--,--,--,--,--,--,--,--,--,--,--,--,--,--,--,--,--,--,--,--,--,--,--,--,--,--,--,--,--,--
2014/01/05,--,--,--,--,--,--,--,--,--,--,--,--,--,--,--,"50 (4,675)",--,--,--,--,"34 (3,737)",--,--,--,--,--,--,--,--,--,--,--,--,--,--,--,--,--,--,--,--,--,--,--,--,--,--,--,--,--,--,--,--,--,--
2014/01/12,--,--,--,--,--,--,--,--,--,--,--,--,--,--,--,"49 (5,920)",--,--,--,--,"33 (4,364)",--,--,--,--,--,--,--,--,--,--,--,--,--,--,--,--,--,--,--,--,--,--,--,--,--,--,--,--,--,--,--,--,--,--
2014/01/19,--,--,--,--,--,--,--,--,--,--,--,--,--,--,--,"40 (7,119)",--,--,--,--,"31 (4,344)",--,--,--,--,--,--,--,--,--,--,--,--,--,--,--,--,--,--,--,--,--,--,--,--,--,--,--,--,--,--,--,--,--,--
2014/01/26,--,--,"50 (37,306)",--,--,"46 (4,325)",--,"38 (2,665)",--,--,--,--,--,--,--,"36 (7,975)",--,--,--,--,"26 (4,728)","39 (1,028)",--,--,"45 (10,072)",--,--,--,--,--,--,--,--,--,--,--,--,--,--,--,--,--,--,--,--,--,--,--,--,--,--,--,--,--,--
2014/02/02,--,--,"37 (54,680)",--,--,"42 (3,993)","39 (5,239)","26 (4,484)",--,--,--,--,--,"33 (1,330)",--,"38 (7,087)",--,--,--,--,"28 (4,932)","32 (1,480)",--,--,"45 (10,112)",--,--,--,--,--,--,--,--,--,--,--,--,--,--,--,--,--,--,--,--,--,--,--,--,--,--,--,--,--,--
2014/02/09,--,"44 (550,507)","24 (78,732)",--,--,"39 (4,745)","23 (7,842)","20 (5,086)",--,"32 (9,640)",--,--,--,"26 (1,866)","40 (6,091)","32 (8,943)",--,--,--,--,"24 (5,512)","26 (1,935)",--,--,"42 (11,420)",--,--,--,--,"37 (6,508)",--,--,"19 (1,160)",--,--,--,--,--,--,--,--,--,--,"50 (2,494)",--,--,--,--,--,"50 (1,488)",--,--,--,--,--
2014/02/16,--,--,"26 (75,175)",--,--,"42 (5,312)","27 (7,388)","17 (5,474)",--,"31 (10,823)",--,--,--,"29 (1,848)","44 (6,251)","30 (9,848)",--,--,--,--,"27 (5,244)","27 (1,946)",--,--,"44 (10,794)",--,--,--,--,"42 (7,089)",--,--,"24 (1,165)",--,--,--,--,--,--,--,--,--,--,--,--,--,--,--,--,--,--,--,--,--,--
2014/02/23,--,--,"22 (85,053)",--,--,"41 (5,421)","31 (7,458)","15 (6,027)",--,"29 (11,846)",--,--,--,"34 (1,831)","43 (6,390)","32 (9,963)",--,--,--,--,"24 (6,037)","31 (1,799)",--,--,"49 (9,761)",--,--,--,--,"42 (7,618)",--,--,"23 (1,222)",--,--,--,--,--,--,--,--,--,--,--,--,--,--,--,--,--,--,--,--,--,--
2014/03/02,--,--,"23 (85,132)",--,--,"37 (5,646)","30 (7,427)","17 (5,822)",--,"31 (11,918)",--,--,--,"32 (2,006)","44 (6,694)","37 (9,578)",--,--,--,--,"27 (6,070)","28 (1,946)",--,--,--,--,--,--,--,"43 (7,469)",--,--,"26 (1,180)",--,--,--,--,--,--,--,--,--,--,--,--,--,--,--,--,--,--,--,--,--,--
2014/03/09,--,--,"27 (72,855)",--,--,"39 (5,609)","30 (8,125)","21 (5,648)",--,"38 (9,802)",--,--,--,"32 (2,071)","45 (6,691)","34 (9,818)",--,--,--,--,"29 (5,705)","31 (1,679)",--,--,--,--,--,--,--,--,--,--,"31 (1,164)",--,--,--,--,--,--,"41 (1,029)",--,--,--,--,--,--,--,--,--,--,--,--,--,--,--
2014/03/16,--,--,"27 (76,516)",--,--,"32 (6,447)","24 (10,278)","18 (6,289)",--,"29 (12,161)",--,--,--,"25 (2,501)","35 (8,056)","30 (10,613)",--,--,--,--,"23 (6,595)","17 (2,530)",--,--,--,--,--,--,--,"37 (9,651)",--,--,"25 (1,446)",--,--,--,--,--,--,"28 (1,250)",--,--,--,--,--,--,--,--,--,--,--,--,--,--,--
2014/03/23,--,--,"31 (74,836)",--,"46 (117,423)","33 (6,937)","24 (11,412)","18 (6,785)",--,"29 (13,058)",--,--,--,"28 (2,783)","35 (8,249)","30 (11,519)",--,--,--,--,"22 (7,601)","19 (2,844)",--,--,--,--,--,--,--,"25 (10,431)",--,--,"28 (1,460)",--,--,--,--,"23 (1,005)",--,"36 (1,250)",--,--,--,--,--,--,--,--,--,--,--,--,--,--,--
2014/03/30,--,--,"32 (74,845)",--,--,"36 (7,017)","25 (12,241)","20 (6,990)",--,"31 (12,177)",--,--,--,"28 (3,036)","36 (8,193)","22 (14,463)",--,--,--,--,"11 (11,276)","17 (3,206)",--,--,--,--,--,--,--,"36 (10,077)",--,--,"28 (1,562)",--,--,--,--,"24 (1,005)",--,"29 (1,610)",--,--,"28 (1,006)",--,--,"34 (1,073)",--,--,--,--,--,--,--,--,--
2014/04/06,--,--,"37 (72,763)",--,--,"38 (7,400)","35 (11,822)","23 (7,116)",--,"44 (11,746)",--,--,--,"29 (3,079)","45 (8,075)","29 (13,289)",--,--,--,--,"7 (13,197)","27 (2,933)",--,--,--,--,--,--,--,"25 (11,433)",--,--,"32 (1,689)",--,--,--,"29 (1,068)","32 (1,035)",--,"40 (1,474)",--,--,"31 (1,050)",--,--,"37 (1,187)",--,--,--,--,--,--,--,--,--
2014/04/13,--,--,"47 (66,975)","49 (3,663)",--,"49 (6,662)","43 (10,094)","30 (7,024)",--,"49 (11,636)",--,--,--,"45 (2,371)",--,"39 (11,145)",--,--,--,--,"20 (9,057)","33 (2,691)",--,--,--,--,--,--,--,"47 (9,637)",--,--,"44 (1,411)",--,--,--,--,--,--,--,--,--,--,--,--,--,--,--,--,--,--,--,--,--,--
2014/04/20,--,--,--,--,--,--,"49 (9,487)","37 (6,298)",--,"50 (11,058)",--,--,--,--,--,--,--,--,--,--,"30 (7,144)","38 (2,520)",--,--,--,--,--,--,--,--,--,--,--,--,--,--,--,--,--,--,--,--,--,--,--,--,--,--,--,--,--,--,--,--,--
2014/04/27,--,--,--,--,--,--,--,"47 (6,512)",--,--,--,--,--,--,--,--,--,--,--,--,"42 (6,431)",--,--,--,--,--,--,--,--,--,--,--,--,--,--,--,--,--,--,--,--,--,--,--,--,--,--,--,--,--,--,--,--,--,--
2014/05/04,--,--,--,--,--,--,--,"50 (6,459)",--,--,--,--,--,--,--,--,--,--,--,--,--,--,--,--,--,--,--,--,--,--,--,--,--,--,--,--,--,--,--,--,--,--,--,--,--,--,--,--,--,--,--,--,--,--,--
2014/05/11,--,--,--,--,--,--,--,"42 (7,510)",--,--,--,--,--,--,--,--,--,--,--,--,--,--,--,--,--,--,--,--,--,--,--,--,--,--,--,--,--,--,--,--,--,--,--,--,--,--,--,--,--,--,--,--,--,--,--
2014/05/18,--,--,--,--,--,--,--,"42 (7,719)",--,--,--,--,--,--,--,--,--,--,--,--,--,--,--,--,--,--,--,--,--,--,--,--,--,--,--,--,--,--,--,--,--,--,--,--,--,--,--,--,--,--,--,--,--,--,--
2014/05/25,--,--,--,--,--,--,--,"48 (7,542)",--,--,--,--,--,--,--,--,--,--,--,--,--,--,--,--,--,--,--,--,--,--,--,--,--,--,--,--,--,--,--,--,--,--,--,--,--,--,--,--,--,--,--,--,--,--,--
2014/06/01,--,--,--,--,--,--,--,"50 (7,829)",--,--,--,--,--,--,--,--,--,--,--,--,--,--,--,--,--,--,--,--,--,--,--,--,--,--,--,--,--,--,--,--,--,--,--,--,--,--,--,--,--,--,--,--,--,--,--
2014/06/15,--,--,--,"49 (26,909)",--,--,--,--,--,--,--,--,--,--,--,--,--,--,--,--,"50 (6,256)",--,--,--,--,--,--,--,--,--,--,--,--,--,--,--,--,--,--,--,--,--,--,--,--,--,--,--,--,--,--,--,--,--,--
2014/08/10,--,--,--,--,--,--,--,"24 (12,983)",--,"50 (33,562)",--,--,--,--,--,--,--,--,--,--,--,--,--,--,--,--,--,--,--,--,--,--,"43 (2,748)",--,--,--,--,--,--,--,--,--,--,--,--,--,--,--,--,--,--,--,--,--,--
2014/08/17,--,--,--,--,--,--,--,"27 (13,060)",--,--,--,--,--,--,--,--,--,--,--,--,--,--,--,--,--,--,--,--,--,--,--,--,"41 (2,929)",--,--,--,--,--,--,--,--,--,--,--,--,--,--,--,--,--,--,--,--,--,--
2014/08/24,--,--,--,--,--,--,--,"40 (11,525)",--,--,--,--,--,--,--,--,--,--,--,--,--,--,--,--,--,--,--,--,--,--,--,--,--,--,--,--,--,--,--,--,--,--,--,--,--,--,--,--,--,--,--,--,--,--,--
2014/09/07,--,--,--,--,--,--,--,--,--,--,--,--,--,--,--,--,--,--,--,--,--,--,--,--,--,--,--,--,--,--,--,--,"50 (3,012)",--,--,--,--,--,--,--,--,--,--,--,--,--,--,--,--,--,--,--,--,--,--
2014/09/14,--,--,--,--,--,--,--,--,--,"50 (38,028)",--,--,--,--,--,--,--,--,--,--,--,--,--,--,--,--,--,--,--,--,--,--,--,--,--,--,--,--,--,--,--,--,--,--,--,--,--,--,--,--,--,--,--,--,--
2014/09/21,--,--,--,--,--,--,--,--,--,"48 (44,276)",--,--,--,--,--,--,--,--,--,--,--,--,--,--,--,--,--,--,--,--,--,--,--,--,--,--,--,--,--,--,--,--,--,--,--,--,--,--,--,--,--,--,--,--,--
2014/09/28,--,--,--,--,--,--,--,--,--,--,--,--,--,--,--,--,--,--,--,--,--,--,--,--,--,--,--,--,--,--,--,--,"50 (3,180)",--,--,--,--,--,--,--,--,--,--,--,--,--,--,--,--,--,--,--,--,--,--
2014/10/05,--,--,--,--,--,--,--,--,--,--,--,--,--,--,--,--,--,--,--,--,--,--,--,--,--,--,--,--,--,--,--,--,"23 (5,024)",--,--,--,--,--,--,--,--,--,--,--,--,--,--,--,--,--,--,--,--,--,--
2014/10/12,--,--,--,--,--,--,--,--,--,--,--,--,--,--,--,--,--,--,--,--,--,--,--,--,--,--,--,--,--,--,--,--,"12 (6,164)",--,--,--,--,--,--,--,--,--,--,--,--,--,--,--,--,--,--,--,--,--,--
2014/10/19,--,--,--,--,--,--,--,--,--,--,--,--,--,--,--,--,--,--,--,--,--,--,--,--,--,--,--,--,--,--,--,--,"30 (4,296)",--,--,--,--,--,--,--,--,--,--,--,--,--,--,--,--,--,--,--,--,--,--
2014/10/26,"125 (1,131,538)","200 (349,566)","89 (91,014)","84 (39,559)","146 (67,527)","96 (8,418)","73 (26,615)","71 (11,427)",--,"87 (29,057)","152 (47,783)",--,--,"84 (5,469)","120 (11,278)","93 (13,976)",--,--,"143 (22,746)",--,"55 (8,196)","78 (5,382)",--,"125 (9,798)","170 (6,312)",--,"173 (25,264)",--,"80 (1,284)","76 (10,967)","144 (7,240)",--,"34 (4,002)",--,--,--,"81 (1,651)","85 (1,378)","158 (6,504)","109 (2,076)",--,--,"92 (1,512)","96 (2,543)",--,"148 (1,446)","163 (2,447)","170 (1,233)",--,"174 (1,809)",--,"182 (1,380)",--,--,--
2014/11/02,"133 (1,122,069)",--,"92 (90,642)","94 (38,191)","159 (65,879)","96 (8,639)","75 (25,780)","77 (11,071)",--,"83 (28,700)","161 (47,213)",--,--,"87 (5,505)","116 (11,840)","103 (13,759)",--,--,"141 (22,856)",--,"59 (8,239)","80 (5,131)",--,"129 (10,367)","159 (6,831)",--,"163 (27,634)","183 (6,825)","69 (1,440)","75 (11,356)","137 (7,611)","190 (9,612)","40 (3,672)","97 (1,025)",--,--,"89 (1,435)","82 (1,488)","162 (7,025)","109 (1,948)",--,--,"89 (1,590)","90 (2,662)","177 (1,027)","117 (1,602)","150 (2,645)","167 (1,387)",--,"147 (2,092)",--,"163 (1,383)",--,--,--
2014/11/09,"130 (1,149,878)",--,"91 (92,273)","90 (40,482)","151 (67,065)","89 (9,060)","82 (25,206)","72 (11,476)",--,"88 (29,597)","166 (47,273)",--,--,"81 (5,853)","112 (12,128)","93 (14,431)",--,--,"153 (23,518)",--,"57 (8,516)","79 (5,369)",--,"122 (10,004)","157 (6,873)",--,"174 (28,434)","178 (7,493)","65 (1,465)","68 (11,498)","134 (7,946)","177 (10,726)","45 (3,499)","95 (1,129)",--,--,"79 (1,615)","80 (1,498)","150 (7,148)","100 (2,264)",--,--,"86 (1,518)","91 (2,690)",--,"122 (1,695)","136 (2,857)","197 (1,286)",--,"165 (1,940)",--,"172 (1,421)","198 (1,514)",--,--
2014/11/16,"131 (1,165,445)","187 (360,099)","92 (93,279)","81 (41,258)","153 (66,700)","88 (9,434)","82 (25,423)","75 (11,470)",--,"92 (28,048)","157 (47,420)",--,--,"82 (5,936)","114 (12,966)","97 (13,779)",--,--,"165 (23,424)",--,"57 (8,427)","81 (5,463)",--,"131 (9,993)","187 (6,595)",--,"170 (31,229)",--,"70 (1,486)","89 (10,443)","147 (7,768)",--,"53 (3,387)","95 (1,261)",--,--,"91 (1,544)","73 (1,725)","172 (6,887)","107 (2,113)",--,--,"92 (1,549)","100 (2,432)",--,"135 (1,584)","158 (2,649)","162 (1,249)",--,"156 (1,990)",--,--,--,--,--
2014/11/23,"149 (1,165,577)","195 (369,328)","94 (93,988)","87 (39,511)","160 (66,890)","92 (9,336)","85 (24,831)","83 (11,440)",--,"96 (26,933)","181 (45,899)",--,--,"86 (5,901)","120 (12,484)","92 (14,405)",--,--,"147 (23,964)",--,"60 (8,260)","86 (5,375)",--,"131 (10,058)","171 (6,918)",--,"182 (30,803)",--,"69 (1,465)","102 (9,109)","158 (7,420)",--,"57 (3,256)","88 (1,379)",--,--,"87 (1,553)","87 (1,602)","156 (7,018)","103 (2,135)",--,--,"87 (1,740)","102 (2,602)",--,"136 (1,649)","151 (2,654)","159 (1,261)",--,"168 (1,855)",--,--,--,--,--
2014/11/30,"146 (1,141,767)","196 (342,357)","92 (98,180)","93 (38,775)","158 (69,481)","84 (9,804)","89 (23,820)","86 (11,086)",--,"99 (24,991)",--,--,--,"83 (5,737)","116 (12,847)","89 (14,419)",--,--,"151 (24,120)",--,"63 (8,359)","88 (5,211)",--,"125 (10,561)","175 (6,452)",--,"186 (31,096)",--,"69 (1,458)","91 (10,166)","139 (7,908)","176 (11,202)","64 (3,246)","104 (1,194)",--,--,"92 (1,540)","90 (1,498)","151 (7,627)","117 (1,935)",--,--,"95 (1,679)","114 (2,563)",--,"141 (1,651)","144 (2,859)","126 (1,428)",--,"155 (1,990)",--,"173 (1,399)","179 (1,506)",--,--
2014/12/07,"150 (1,189,244)",--,"80 (107,480)","96 (38,449)","150 (69,617)","89 (9,608)","91 (25,056)","73 (12,099)",--,"89 (29,932)",--,--,--,"80 (6,201)","110 (13,673)","97 (13,813)",--,--,"159 (24,738)",--,"60 (8,646)","93 (5,133)",--,"123 (11,430)","195 (6,172)","200 (21,512)","178 (32,355)",--,"52 (1,811)","105 (9,642)","137 (8,235)","177 (11,453)","59 (3,313)","99 (1,355)",--,--,"77 (1,786)","78 (1,740)","151 (7,902)","105 (2,062)",--,--,"92 (1,725)","113 (2,438)",--,"128 (1,930)","153 (2,757)","140 (1,462)",--,"143 (2,344)",--,"188 (1,296)","177 (1,591)",--,"124 (1,078)"
2014/12/14,"171 (1,156,301)",--,"84 (110,125)","109 (35,577)","173 (65,614)","94 (8,909)","94 (25,774)","72 (12,668)",--,"81 (33,515)",--,--,--,"79 (6,483)","113 (13,381)","105 (12,394)",--,--,--,--,"79 (7,752)","88 (5,963)",--,"134 (10,715)",--,--,"198 (30,779)",--,"62 (1,655)","127 (8,125)","156 (7,616)",--,"59 (3,424)","101 (1,339)",--,--,"89 (1,715)","89 (1,631)","160 (7,519)","110 (2,165)",--,--,"97 (1,735)","119 (2,214)",--,"124 (2,014)","168 (2,556)","163 (1,242)",--,"179 (1,977)",--,--,--,--,--
2014/12/21,"167 (1,203,688)",--,"82 (115,031)","103 (36,536)","179 (66,356)","90 (8,963)","91 (27,479)","63 (13,496)",--,"84 (36,560)",--,--,--,"82 (6,825)","110 (15,134)","97 (12,152)",--,--,"196 (23,363)",--,"74 (7,718)","95 (5,898)",--,"138 (10,685)",--,--,"188 (33,024)",--,"69 (1,644)","122 (8,500)","150 (7,928)",--,"67 (3,461)","102 (1,489)",--,--,"93 (1,835)","79 (1,973)","150 (7,653)","130 (2,103)",--,--,"94 (1,928)","110 (2,341)",--,"125 (2,163)","160 (2,858)","161 (1,366)",--,"196 (1,942)",--,"200 (1,306)",--,--,--
2014/12/28,"195 (1,105,077)",--,"91 (106,020)","117 (33,528)",--,"99 (8,071)","94 (26,235)","75 (11,840)",--,"94 (34,815)",--,--,--,"86 (6,286)","118 (13,768)","112 (10,962)",--,--,--,--,"75 (6,939)","91 (5,817)",--,"185 (10,750)",--,--,"192 (31,612)",--,"67 (1,489)","133 (8,508)",--,--,"67 (3,257)","94 (1,551)",--,--,"96 (1,742)","85 (1,836)","161 (7,646)","133 (1,996)",--,--,"100 (1,865)","156 (2,123)",--,"126 (2,034)",--,--,--,--,--,--,--,--,--
2015/01/04,"160 (1,172,720)",--,"100 (109,040)","124 (33,289)","198 (62,552)","106 (8,321)","121 (23,643)","84 (11,409)",--,"121 (32,106)","183 (39,277)",--,--,"89 (6,254)","120 (12,590)","115 (11,503)",--,--,"177 (21,815)",--,"100 (7,195)","107 (5,608)",--,"143 (11,049)",--,--,"196 (28,786)","200 (8,917)","75 (1,406)","155 (7,674)","158 (7,426)",--,"68 (3,301)","112 (1,410)",--,"184 (7,934)","97 (1,842)","92 (1,900)","173 (7,373)","152 (1,924)",--,--,"104 (1,957)","118 (2,205)",--,"135 (2,026)","167 (2,764)","194 (1,187)",--,"191 (1,983)",--,--,--,--,--
2015/01/11,"140 (1,286,132)","194 (397,128)","81 (122,579)","105 (38,905)","158 (69,094)","85 (10,182)","104 (25,816)","87 (11,684)",--,"102 (32,642)","192 (41,628)",--,--,"67 (7,469)","110 (14,787)","106 (13,041)","189 (38,585)","173 (29,545)","181 (24,681)",--,"85 (8,007)","96 (6,163)",--,"127 (10,653)","198 (6,421)",--,"191 (33,929)","186 (10,069)","65 (1,605)","148 (9,013)","142 (8,248)","189 (11,904)","56 (3,614)","103 (1,479)",--,"180 (8,277)","73 (2,117)","72 (2,180)","153 (8,085)","116 (2,391)",--,--,"89 (1,971)","97 (2,713)","138 (1,165)","111 (1,911)","153 (3,230)","149 (1,439)",--,"165 (2,259)",--,--,"177 (1,618)",--,"148 (1,007)"
2015/01/18,"130 (1,359,793)","165 (442,139)","85 (126,476)","100 (37,498)","157 (73,528)","83 (9,686)","96 (26,319)","85 (12,234)",--,"102 (32,792)","190 (44,243)",--,--,"81 (6,958)","115 (14,313)","97 (14,077)","196 (39,040)","182 (29,742)","154 (27,626)",--,"77 (8,054)","87 (6,621)",--,"120 (11,822)","182 (7,032)",--,"187 (34,973)",--,"66 (1,557)","139 (9,319)","139 (8,527)","191 (11,718)","57 (3,812)","93 (1,526)",--,--,"86 (1,860)","78 (2,197)","147 (7,983)","111 (2,510)",--,--,"92 (1,942)","93 (2,843)","136 (1,183)","114 (1,956)","153 (3,224)","135 (1,537)",--,"164 (2,263)",--,--,"172 (1,647)",--,--
2015/01/25,"131 (1,407,936)","163 (469,214)","85 (131,485)","100 (39,884)","161 (74,707)","82 (9,882)","88 (26,764)","83 (12,285)",--,"98 (33,022)","189 (45,518)",--,--,"76 (7,370)","112 (15,332)","99 (14,528)","195 (39,276)","180 (30,193)","151 (28,131)",--,"79 (8,219)","78 (7,012)",--,"118 (12,472)","161 (7,594)",--,"199 (34,900)",--,"62 (1,580)","135 (8,775)","143 (8,519)","182 (12,340)","64 (3,766)","102 (1,500)",--,"199 (8,167)","81 (1,943)","74 (2,184)","154 (8,065)","108 (2,665)",--,--,"90 (2,007)","96 (2,883)","131 (1,227)","99 (2,203)","156 (3,061)","141 (1,488)",--,"162 (2,343)",--,--,--,--,--
2015/02/01,"129 (1,446,946)","161 (478,861)","88 (135,446)","91 (42,944)","143 (81,510)","80 (10,338)","87 (27,748)","83 (12,144)",--,"89 (34,172)","187 (44,990)",--,--,"74 (7,459)","104 (16,057)","93 (15,762)","191 (40,308)","178 (29,763)","143 (28,567)",--,"72 (9,043)","70 (7,098)",--,"115 (12,394)","148 (7,795)","192 (26,426)","183 (37,218)","167 (12,801)","58 (1,778)","121 (9,209)","128 (8,987)","180 (12,357)","61 (3,792)","89 (1,578)",--,"195 (7,840)","77 (2,113)","71 (2,147)","127 (8,440)","98 (2,993)",--,--,"88 (1,983)","93 (2,880)","129 (1,170)","102 (2,163)","144 (3,188)","131 (1,515)",--,"137 (2,479)",--,"185 (1,510)","154 (1,679)",--,"132 (1,018)"
2015/02/08,"129 (1,451,231)","143 (490,274)","87 (133,253)","91 (45,001)","139 (77,312)","76 (10,179)","86 (26,488)","79 (12,090)",--,"91 (33,461)","180 (44,475)",--,--,"71 (7,879)","95 (17,496)","89 (16,330)","181 (41,095)","186 (29,607)","133 (28,735)",--,"69 (8,903)","73 (6,896)",--,"117 (11,807)","160 (6,964)","192 (26,311)","174 (37,730)","172 (12,961)","55 (1,865)","114 (8,868)","131 (8,555)","173 (12,398)","54 (3,936)","80 (1,747)",--,--,"79 (2,161)","68 (2,330)","133 (8,125)","103 (2,808)",--,"53 (1,081)","85 (2,091)","87 (3,029)","124 (1,253)","100 (2,286)","144 (3,020)","139 (1,435)",--,"147 (2,297)",--,--,"178 (1,485)",--,--
2015/02/15,"139 (1,474,732)","171 (493,954)","85 (136,939)","86 (49,320)","145 (77,777)","86 (10,764)","78 (28,824)","84 (11,960)",--,"76 (40,588)","188 (44,680)",--,--,"74 (7,875)","108 (17,596)","86 (18,513)","168 (43,371)",--,"163 (28,376)",--,"55 (10,831)","77 (7,223)",--,"122 (11,567)","159 (7,339)",--,"197 (34,790)","195 (12,935)","73 (1,524)","124 (8,941)","154 (8,300)","194 (11,676)","52 (4,068)","94 (1,588)",--,--,"80 (2,348)","68 (2,355)","140 (7,766)","105 (2,964)",--,"57 (1,038)","77 (2,324)","96 (2,684)","112 (1,390)","117 (2,083)","166 (3,008)","156 (1,347)",--,"157 (2,216)",--,--,--,--,--
2015/02/22,"162 (1,379,047)","187 (453,141)","93 (133,394)","96 (44,276)","143 (79,699)","87 (8,570)","83 (27,518)","84 (12,134)",--,"75 (38,550)",--,--,--,"72 (8,089)","116 (16,897)","88 (13,804)","190 (39,872)",--,"176 (26,940)",--,"68 (8,347)","82 (6,315)",--,"130 (11,731)",--,--,--,--,"72 (1,418)","123 (6,936)","171 (8,088)",--,"50 (4,056)","98 (1,468)",--,--,"75 (2,364)","72 (2,240)","153 (7,720)","102 (3,034)",--,"59 (1,043)","86 (1,876)","99 (2,419)","119 (1,393)","117 (1,827)","173 (2,998)","179 (1,276)",--,"169 (2,262)",--,--,--,--,"153 (1,038)"
2015/03/01,"161 (1,374,943)","198 (451,087)","99 (133,130)","104 (43,061)","144 (80,970)","94 (9,491)","98 (25,505)","79 (12,339)",--,"80 (38,716)",--,--,--,"71 (8,054)","115 (16,856)","98 (15,146)","183 (39,707)",--,"184 (27,204)",--,"77 (8,614)","80 (6,766)",--,"125 (11,231)","200 (6,050)",--,"193 (35,578)",--,"72 (1,679)","139 (7,933)","166 (8,132)",--,"58 (3,807)","94 (1,463)",--,--,"77 (2,350)","69 (2,184)","146 (8,488)","122 (2,776)",--,"59 (1,044)","83 (2,151)","104 (2,384)","136 (1,250)","112 (1,963)","183 (3,026)","149 (1,419)",--,"190 (2,227)",--,--,--,--,"147 (1,097)"
2015/03/08,"164 (1,382,600)",--,"95 (131,784)","108 (42,392)","141 (82,225)","102 (9,218)","95 (25,834)","82 (11,880)",--,"85 (36,938)",--,--,--,"72 (8,302)","112 (17,036)","105 (14,622)","191 (40,183)",--,"180 (27,107)",--,"82 (8,725)","82 (6,744)",--,"141 (10,532)",--,--,--,--,"61 (1,860)","142 (7,779)","174 (7,880)",--,"56 (3,842)","97 (1,514)",--,--,"73 (2,402)","68 (2,321)","172 (8,108)","128 (2,686)",--,"54 (1,058)","83 (2,167)","105 (2,452)","159 (1,184)","131 (1,872)",--,"188 (1,225)",--,"182 (2,312)",--,--,--,--,"151 (1,043)"
2015/03/15,"165 (1,333,174)",--,"97 (126,667)","107 (42,646)","148 (78,475)","91 (10,021)","97 (25,228)","81 (11,578)",--,"94 (33,327)",--,--,--,"70 (8,048)","121 (16,033)","103 (14,110)",--,--,"172 (28,008)",--,"84 (8,291)","85 (6,338)",--,"143 (10,299)",--,--,--,--,"58 (1,956)","138 (7,584)","187 (7,273)",--,"60 (3,827)","103 (1,455)",--,--,"77 (2,316)","72 (2,173)","173 (8,238)","116 (2,847)",--,"55 (1,029)","93 (2,119)","109 (2,282)","148 (1,204)","126 (1,863)","198 (2,764)","199 (1,203)",--,--,--,"197 (1,330)",--,--,--
2015/03/22,"165 (1,355,101)","219 (141,541)","90 (128,719)","98 (43,889)","138 (78,290)","73 (10,100)","90 (26,333)","69 (11,773)",--,"87 (34,919)",--,--,--,"54 (8,230)","102 (16,936)","88 (14,681)","235 (7,292)",--,"144 (28,898)",--,"64 (8,175)","82 (1,026)",--,"122 (10,329)",--,--,"202 (15,447)","224 (3,713)",--,"100 (8,172)","176 (4,271)","210 (4,642)",--,--,--,--,--,--,"140 (8,467)",--,--,--,--,--,--,--,--,--,--,--,--,--,--,--,--
2015/04/30,"156 (1,203,143)","242 (72,953)","119 (105,349)","94 (38,954)","176 (51,864)","72 (10,659)","102 (21,837)","73 (10,306)",--,"86 (32,805)","238 (5,795)",--,--,"58 (7,272)","117 (14,494)","79 (16,295)",--,--,"159 (24,322)",--,"63 (8,741)",--,--,"99 (11,402)",--,--,--,"184 (9,905)",--,"76 (11,239)","111 (8,632)","116 (12,689)",--,--,--,--,--,--,"104 (10,165)",--,--,--,--,--,--,--,--,--,--,--,--,--,--,--,--
2015/05/07,"142 (1,458,755)","221 (185,277)","118 (119,938)","91 (45,763)","209 (31,378)","66 (12,586)","93 (27,270)","59 (14,274)",--,"79 (38,401)","244 (5,995)",--,--,"68 (7,070)","122 (16,435)","75 (19,438)","194 (22,830)","224 (8,126)","154 (27,679)",--,"62 (10,313)",--,"249 (12,199)","96 (13,859)",--,--,"277 (6,035)","218 (8,126)",--,"72 (13,517)","109 (10,562)","116 (14,164)",--,--,--,"243 (1,099)",--,--,"112 (11,015)",--,--,--,--,--,--,--,--,--,--,--,--,--,--,--,--
2015/05/14,"141 (1,522,142)","190 (316,185)","110 (129,582)","94 (49,008)","187 (53,549)","64 (13,637)","95 (30,089)","58 (15,606)",--,"81 (40,671)","235 (6,208)",--,--,"62 (8,605)","121 (17,648)","81 (18,881)","195 (19,852)","219 (8,458)","169 (28,766)",--,"57 (11,330)","120 (1,009)",--,"109 (13,228)",--,--,"202 (18,195)","214 (7,094)",--,"79 (14,957)","125 (10,070)","118 (13,979)",--,--,--,--,--,--,"117 (11,104)",--,--,--,--,--,--,--,--,--,--,--,--,--,--,--,--
2015/05/21,"146 (1,495,013)","270 (71,447)","108 (139,883)","92 (51,345)","185 (54,088)","64 (13,619)","95 (30,991)","60 (15,764)",--,"82 (42,266)",--,--,--,"62 (8,880)","126 (17,769)","72 (18,991)","214 (13,097)","225 (8,781)","164 (30,949)",--,"55 (10,821)","102 (3,088)",--,"107 (13,510)",--,--,"179 (34,072)","208 (6,910)",--,"86 (13,482)","116 (10,698)","122 (14,022)",--,--,--,--,--,--,"125 (11,044)",--,--,--,--,--,--,--,--,--,--,--,--,--,--,--,--
2015/05/28,"149 (1,303,806)",--,"80 (149,942)","94 (44,557)","154 (71,726)","66 (11,360)","79 (30,386)","53 (14,655)",--,"65 (40,454)","251 (5,935)",--,--,"62 (8,179)","123 (16,748)","78 (15,899)","239 (6,593)","239 (4,604)","168 (27,390)",--,"60 (8,474)","81 (6,669)",--,"116 (11,212)",--,--,"201 (20,226)",--,--,"86 (11,572)","122 (8,913)","127 (11,694)",--,--,--,--,--,--,"125 (9,513)",--,--,--,--,--,--,--,--,--,--,--,--,--,--,--,--
2015/06/04,"143 (1,145,575)","199 (178,664)","77 (124,502)","88 (38,712)","160 (58,805)","68 (10,242)","80 (26,870)","54 (12,786)",--,"67 (34,772)",--,--,--,"69 (7,042)","120 (13,891)","76 (13,153)","203 (13,030)","225 (4,902)","175 (22,437)",--,"62 (7,066)","89 (4,569)",--,"99 (10,236)","239 (1,012)",--,"186 (20,243)","221 (4,673)",--,"86 (9,715)","115 (7,699)","134 (10,132)",--,--,--,--,--,--,"126 (8,263)",--,--,--,--,--,--,--,--,--,--,--,--,--,--,--,--
2015/06/11,"139 (1,611,162)","214 (250,896)","80 (175,339)","97 (54,067)","159 (81,242)","72 (14,557)","81 (39,142)","56 (17,703)",--,"68 (49,605)",--,--,--,"68 (10,104)","128 (18,935)","78 (19,744)","270 (6,571)","269 (4,351)","220 (13,984)",--,"62 (10,437)","99 (6,662)",--,"109 (14,173)",--,--,"195 (27,187)","249 (5,015)",--,"70 (15,984)","126 (10,860)","126 (14,425)",--,--,--,--,--,--,"134 (11,517)",--,--,--,--,--,--,--,--,--,--,--,--,--,--,--,--
2015/06/18,"148 (1,554,472)","207 (160,217)","88 (171,847)","93 (51,974)","187 (57,762)","78 (14,274)","81 (37,480)","61 (17,431)",--,"71 (47,437)",--,--,--,"78 (10,292)","137 (18,447)","80 (19,796)",--,--,"245 (4,562)",--,"68 (10,637)","98 (7,994)",--,"129 (14,047)",--,--,"159 (52,185)","234 (4,770)",--,"101 (13,881)","135 (11,330)","138 (15,341)",--,--,--,--,--,--,"162 (11,167)",--,--,--,--,--,--,--,--,--,--,--,--,--,--,--,--
2015/06/25,"155 (1,505,941)","238 (77,778)","93 (166,625)","97 (50,562)","207 (32,669)","77 (14,509)","80 (37,665)","66 (16,320)",--,"69 (47,602)",--,--,--,"82 (10,054)","139 (19,268)","80 (19,813)","234 (7,419)",--,--,--,"67 (10,838)","110 (6,698)",--,"132 (13,529)",--,--,"240 (13,783)","254 (4,069)",--,"121 (11,259)","130 (11,506)","173 (11,745)",--,--,--,--,--,--,"152 (11,302)",--,--,--,--,--,--,--,--,--,--,--,--,--,--,--,--
2015/07/02,"155 (1,482,367)","260 (80,542)","98 (162,084)","116 (44,493)","278 (10,335)","80 (13,998)","72 (43,023)","60 (17,516)",--,"61 (58,985)",--,--,--,"80 (10,272)","141 (17,446)","78 (19,681)",--,--,--,--,"69 (10,201)","109 (6,551)",--,"144 (11,916)",--,--,--,--,--,"160 (9,076)","144 (10,221)","175 (10,742)",--,--,--,--,--,--,"183 (7,777)",--,--,--,--,--,--,--,--,--,--,--,--,--,--,--,--
2015/07/09,"167 (1,026,011)","255 (65,988)","105 (114,250)","118 (34,482)",--,"82 (9,639)","77 (28,102)","60 (12,774)",--,"65 (37,640)",--,--,--,"85 (7,079)","148 (13,001)","80 (13,881)",--,--,--,--,"71 (7,252)","123 (3,318)",--,"135 (8,489)",--,--,--,"239 (3,941)",--,"201 (3,030)","150 (6,950)","186 (5,500)",--,--,--,--,--,--,"202 (2,898)",--,--,--,--,--,--,--,--,--,--,--,--,--,--,--,--
2015/07/16,"163 (652,019)",--,"97 (72,902)","88 (28,397)",--,"103 (5,680)","84 (18,155)","56 (8,446)",--,"59 (25,890)",--,--,--,"77 (4,580)","132 (8,711)","85 (8,369)",--,--,--,--,"72 (4,388)","119 (3,383)",--,"141 (5,087)",--,--,--,--,--,"298 (1,538)","186 (2,603)",--,--,--,--,--,--,--,--,--,--,--,--,--,--,--,--,--,--,--,--,--,--,--,--
2015/07/23,"170 (1,466,185)",--,"97 (159,644)","94 (64,625)",--,"96 (10,965)","59 (45,164)","59 (18,707)",--,"62 (59,991)",--,--,--,"82 (9,569)","142 (18,377)","92 (18,465)",--,--,--,--,"71 (10,383)","127 (5,446)",--,"128 (12,214)",--,--,"206 (24,644)",--,--,"239 (3,385)","166 (7,741)","178 (8,540)",--,--,--,--,--,--,"239 (1,276)",--,--,--,--,--,--,--,--,--,--,--,--,--,--,--,--
2015/07/30,"178 (780,049)",--,"116 (81,735)","101 (35,542)",--,"96 (6,790)","85 (23,097)","68 (8,998)",--,"80 (30,759)",--,--,--,"89 (5,355)","148 (10,069)","99 (10,127)",--,--,--,--,"79 (5,533)","136 (2,058)",--,"133 (7,016)",--,--,"199 (16,448)","224 (4,181)",--,"293 (1,422)","173 (3,877)","180 (4,933)",--,--,--,--,--,--,"232 (1,322)",--,--,--,--,--,--,--,--,--,--,--,--,--,--,--,--
2015/08/06,"197 (1,341,131)",--,"120 (147,070)","114 (59,991)",--,"112 (11,294)","76 (42,965)","60 (17,563)",--,"75 (55,803)",--,--,--,"89 (9,977)","147 (18,665)","126 (15,746)",--,--,--,--,"99 (9,066)","135 (7,071)",--,"160 (11,836)",--,--,--,--,"65 (2,667)",--,--,--,"118 (3,774)","100 (2,400)",--,--,"115 (2,540)","129 (2,140)",--,"176 (2,988)",--,"93 (1,172)","133 (2,428)","141 (2,262)",--,"92 (3,835)",--,--,--,--,--,--,--,--,--
2015/08/13,"200 (1,338,737)",--,"125 (145,879)","117 (59,309)",--,"110 (11,475)","61 (46,805)","65 (16,947)",--,"80 (54,596)",--,--,--,"83 (10,099)","146 (17,805)","123 (15,128)",--,--,--,--,"96 (8,995)","133 (6,755)",--,"144 (12,327)",--,--,--,--,"74 (2,513)",--,--,--,"123 (3,834)","108 (2,302)",--,"189 (15,007)","119 (2,541)","121 (2,135)",--,"180 (2,995)",--,"83 (1,263)","129 (2,390)","152 (2,063)",--,"100 (3,584)",--,--,--,--,--,--,--,--,--
2015/08/20,--,--,"122 (148,225)","112 (59,690)",--,"109 (12,011)","69 (45,968)","71 (16,774)",--,"77 (56,210)",--,--,--,"90 (9,544)","147 (17,953)","123 (17,077)",--,--,--,--,"97 (9,017)","121 (7,125)",--,"145 (12,050)",--,--,--,--,"78 (2,506)",--,--,--,"121 (3,839)","113 (2,212)",--,--,"112 (2,562)","115 (2,236)",--,"197 (2,810)",--,"95 (1,198)","125 (2,458)","140 (2,079)",--,"100 (3,511)",--,--,--,--,--,--,--,--,--
2015/08/27,--,--,"123 (148,252)","108 (60,769)",--,"101 (12,233)","70 (47,083)","84 (16,166)",--,"84 (54,947)",--,--,--,"98 (9,282)","150 (18,111)","119 (17,076)",--,--,--,--,"97 (9,097)","138 (6,521)",--,"169 (9,878)",--,--,--,--,"82 (2,471)",--,--,--,"130 (3,728)","106 (2,419)",--,--,"129 (2,410)","139 (2,114)",--,"194 (2,800)",--,"88 (1,255)","142 (2,260)","124 (2,463)",--,"110 (3,367)",--,--,--,--,--,--,--,--,--
2015/09/03,--,--,"121 (153,684)","113 (58,610)",--,"101 (11,722)","79 (45,683)","86 (16,449)",--,"94 (52,737)",--,--,--,"100 (9,329)","154 (18,456)","113 (17,514)",--,--,--,--,"106 (9,010)","123 (7,127)",--,"185 (9,469)",--,--,--,--,"84 (2,564)",--,--,--,"126 (3,605)","114 (2,344)",--,--,"131 (2,346)","131 (2,193)",--,"179 (2,878)",--,"104 (1,130)","149 (2,327)","131 (2,586)",--,"103 (3,590)",--,--,--,--,--,--,--,--,--
2015/09/10,--,--,"123 (155,396)","114 (58,745)",--,"100 (12,935)","81 (45,581)","89 (16,211)",--,"108 (50,074)",--,--,--,"106 (9,072)","135 (20,012)","120 (17,181)",--,--,--,--,"118 (9,044)","113 (7,895)",--,"185 (8,898)",--,--,--,--,"88 (2,413)",--,--,--,"120 (3,770)","115 (2,426)",--,--,"125 (2,488)","144 (2,072)",--,"174 (2,924)",--,"105 (1,120)","148 (2,440)","139 (2,647)",--,"124 (3,296)",--,--,--,--,--,--,--,--,--
2015/09/17,--,--,"144 (143,878)","114 (58,510)",--,"98 (12,864)","93 (44,922)","93 (15,937)",--,"102 (50,441)",--,--,--,"112 (8,844)","137 (20,203)","111 (16,870)",--,--,--,--,"110 (9,476)","139 (7,381)",--,"172 (9,227)",--,--,--,--,"93 (2,382)",--,--,--,"110 (3,924)","112 (2,363)",--,--,"128 (2,444)","146 (2,120)",--,"191 (2,771)",--,"104 (1,144)","156 (2,314)","121 (2,599)",--,"128 (3,177)",--,--,--,--,--,--,--,--,--
2015/09/24,--,--,"128 (151,204)","110 (58,492)",--,"99 (13,260)","83 (44,447)","80 (17,669)",--,"90 (55,827)",--,--,--,"111 (9,363)","144 (19,790)","121 (16,481)",--,--,--,--,"112 (9,353)","134 (7,459)",--,"178 (9,267)",--,--,--,--,"90 (2,640)",--,--,--,"102 (4,175)","110 (2,514)",--,--,"131 (2,481)","124 (2,263)",--,"172 (2,994)",--,"102 (1,151)","143 (2,293)","130 (2,662)",--,"105 (3,726)",--,--,--,--,--,--,--,--,--
2015/10/01,--,--,"121 (152,361)","115 (56,572)",--,"116 (12,355)","95 (46,068)","91 (16,600)",--,"112 (50,783)",--,--,--,"110 (9,499)","153 (19,543)","125 (16,868)",--,--,--,--,"119 (8,941)","129 (7,643)",--,"185 (9,072)",--,--,--,--,"90 (2,356)",--,--,--,"104 (4,020)","103 (2,347)",--,--,"120 (2,641)","131 (2,147)",--,"183 (2,856)",--,"91 (1,273)","145 (2,301)","128 (2,618)",--,"127 (3,234)",--,--,--,--,--,--,--,--,--
2015/10/08,--,--,"116 (159,602)","118 (58,759)",--,"118 (12,574)","92 (47,079)","93 (16,399)",--,"96 (54,738)",--,--,--,"112 (9,686)","129 (21,865)","124 (17,102)",--,--,--,--,"114 (9,630)","135 (7,507)",--,"182 (9,432)",--,--,--,--,"81 (2,588)",--,--,--,"106 (4,088)","94 (2,634)",--,--,"126 (2,629)","149 (2,105)",--,"183 (2,893)",--,"107 (1,180)","151 (2,328)","134 (2,426)",--,"122 (3,249)",--,--,--,--,--,--,--,--,--
2015/10/15,"197 (1,443,090)",--,"105 (168,386)","123 (58,708)",--,"111 (12,881)","88 (46,401)","81 (17,383)",--,"90 (56,874)",--,--,--,"105 (9,909)","125 (20,968)","125 (16,789)",--,--,--,--,"118 (9,792)","129 (7,221)",--,"171 (9,746)",--,--,--,--,"81 (2,828)",--,--,--,"118 (3,906)","82 (2,951)",--,--,"113 (2,626)","124 (2,386)",--,"169 (3,192)",--,"105 (1,191)","129 (2,582)","135 (2,425)",--,"120 (3,424)",--,--,--,--,--,--,--,--,--
2015/10/22,"196 (1,445,971)",--,"108 (165,396)","120 (58,876)",--,"112 (13,193)","91 (47,394)","90 (16,867)",--,"103 (55,379)",--,--,--,"108 (10,335)","126 (21,650)","124 (16,563)",--,"195 (33,278)",--,--,"128 (9,315)","130 (7,835)",--,"177 (9,872)",--,--,--,--,"89 (2,632)",--,--,--,"116 (4,004)","99 (2,729)",--,--,"114 (2,717)","119 (2,432)",--,"157 (3,074)",--,"95 (1,241)","131 (2,624)","135 (2,462)",--,"125 (3,460)",--,--,--,--,--,--,--,--,--
2015/10/29,--,--,"115 (161,493)","126 (58,983)",--,"118 (13,166)","94 (47,574)","92 (16,489)",--,"114 (54,020)",--,--,--,"108 (10,448)","129 (21,535)","129 (16,848)",--,--,--,--,"136 (9,066)","122 (7,892)",--,"186 (9,868)",--,--,--,--,"96 (2,560)",--,--,--,"112 (4,007)","91 (2,947)",--,--,"129 (2,685)","123 (2,401)",--,"178 (2,958)",--,"93 (1,266)","137 (2,596)","161 (2,186)",--,"145 (3,386)",--,--,--,--,--,--,--,--,--
2015/11/05,--,--,"114 (156,952)","125 (56,641)",--,"121 (12,711)","95 (45,817)","98 (16,133)",--,"112 (54,371)",--,--,--,"107 (10,498)","125 (21,191)","132 (16,534)",--,"197 (33,756)",--,--,"129 (9,364)","129 (7,504)",--,"186 (10,231)",--,--,--,--,"95 (2,464)",--,"196 (8,721)",--,"116 (4,041)","91 (2,924)",--,--,"126 (2,758)","149 (2,147)",--,"184 (2,820)",--,"104 (1,191)","151 (2,261)","144 (2,236)",--,"158 (3,269)","200 (3,119)",--,--,--,--,--,--,--,--
2015/11/12,--,--,"117 (167,292)","125 (59,603)",--,"125 (12,583)","92 (46,292)","101 (17,171)",--,"115 (58,232)",--,--,--,"111 (10,671)","136 (22,714)","138 (16,169)",--,--,--,--,"130 (9,359)","126 (8,161)",--,"181 (10,219)",--,--,--,--,"107 (2,584)",--,--,--,"122 (4,088)","100 (2,983)",--,--,"127 (2,879)","130 (2,539)",--,"186 (2,905)",--,"120 (1,184)","151 (2,322)","167 (2,249)",--,"158 (3,382)",--,--,--,--,--,--,--,--,--
2015/11/19,--,--,"132 (162,128)","157 (54,653)",--,"149 (12,196)","110 (42,784)","117 (15,962)",--,"135 (57,001)",--,--,--,"121 (10,153)","156 (20,838)","155 (15,926)",--,--,--,--,"144 (8,889)","160 (7,066)",--,"192 (10,074)",--,--,--,--,"119 (2,573)","195 (12,168)",--,--,"145 (3,900)","130 (2,705)",--,--,"154 (2,932)","163 (2,239)",--,--,--,"123 (1,217)","179 (2,318)","156 (2,351)",--,"178 (3,285)",--,--,--,--,--,--,--,--,--
2015/11/26,--,--,"114 (169,131)","157 (54,008)",--,"144 (12,442)","104 (43,385)","120 (16,189)",--,"122 (56,625)",--,--,--,"110 (10,133)","151 (21,306)","143 (16,475)",--,--,--,--,"141 (9,225)","139 (7,353)",--,"183 (10,720)",--,--,--,--,"108 (2,572)",--,"199 (9,362)",--,"147 (3,760)","122 (2,777)",--,--,"159 (2,745)","165 (2,275)",--,--,--,"136 (1,122)","183 (2,324)","158 (2,308)",--,"188 (3,113)",--,--,--,--,--,--,--,--,--
2015/12/03,--,--,"111 (174,859)","158 (51,908)",--,"147 (11,794)","108 (41,650)","115 (16,354)",--,"125 (54,798)",--,--,--,"120 (9,893)","143 (21,522)","136 (16,011)",--,--,--,--,"125 (9,462)","136 (7,455)",--,"172 (11,241)",--,--,--,--,"101 (2,703)",--,"192 (9,664)",--,"149 (3,858)","106 (2,808)",--,--,"136 (3,009)","159 (2,292)",--,--,--,"122 (1,228)","179 (2,367)","164 (2,296)",--,"189 (3,166)",--,--,--,--,--,--,--,--,--
2015/12/10,--,--,"114 (173,466)","174 (51,028)",--,"146 (11,856)","118 (41,013)","117 (16,393)",--,"145 (49,986)",--,--,--,"125 (9,937)","167 (18,954)","147 (15,009)",--,--,--,--,"140 (9,382)","139 (7,527)",--,"181 (11,571)",--,--,--,--,"104 (2,650)",--,--,--,"152 (3,883)","124 (2,366)",--,--,"144 (2,685)","178 (2,150)",--,--,--,"138 (1,124)",--,--,--,"178 (3,271)",--,--,--,--,--,--,--,--,--
2015/12/17,--,--,"136 (168,939)","192 (49,385)",--,"152 (11,693)","128 (41,125)","117 (16,603)",--,"158 (49,261)",--,--,--,"125 (10,003)","169 (19,617)","170 (14,056)",--,--,--,--,"107 (11,514)","133 (7,810)",--,"194 (11,471)",--,--,--,--,"113 (2,568)",--,--,--,"162 (3,757)","131 (2,637)",--,--,"159 (2,562)","171 (2,259)",--,--,--,"131 (1,183)","188 (2,383)",--,--,--,--,--,--,--,--,--,--,--,--
2015/12/24,--,--,"142 (168,346)",--,--,"161 (11,114)","132 (41,816)","131 (15,204)",--,"175 (49,441)",--,--,--,"134 (9,360)","180 (18,166)","184 (13,379)",--,--,--,--,"105 (11,662)","163 (7,304)",--,--,--,--,--,--,"123 (2,385)",--,--,--,"164 (3,853)","146 (2,496)",--,--,"163 (2,619)","160 (2,382)",--,--,--,"125 (1,292)",--,--,--,--,--,--,--,--,--,--,--,--,--
2015/12/31,--,--,"150 (152,209)",--,--,"140 (11,641)","148 (40,464)","138 (14,578)",--,"197 (45,268)",--,--,--,"143 (8,604)","178 (17,013)","171 (13,181)",--,--,--,--,"100 (11,552)","170 (6,935)",--,--,--,--,--,--,"123 (2,260)",--,--,--,"166 (3,694)","155 (2,324)",--,--,"162 (2,401)","164 (2,188)",--,--,--,"122 (1,297)",--,--,--,--,--,--,--,--,--,--,--,--,--
2016/01/07,--,--,"145 (158,684)","183 (49,718)",--,"140 (11,793)","122 (40,659)","133 (15,033)",--,"174 (47,197)",--,--,--,"113 (10,598)","153 (16,929)","149 (14,629)",--,--,--,--,"135 (10,610)","138 (7,348)",--,"184 (10,529)",--,--,--,--,"119 (2,346)","161 (14,914)",--,--,"146 (3,756)","137 (2,515)",--,--,"119 (2,957)","141 (2,573)",--,"146 (3,545)",--,"97 (1,401)","175 (2,492)","156 (2,264)",--,"192 (3,199)",--,--,--,--,--,--,--,--,--
2016/01/14,--,--,"120 (185,051)","156 (57,273)",--,"139 (12,034)","116 (44,747)","109 (17,736)",--,"146 (51,797)",--,--,--,"100 (12,125)","139 (20,327)","128 (16,454)",--,--,--,--,"136 (10,567)","130 (8,718)",--,"194 (11,114)",--,--,--,--,"96 (2,968)","156 (15,573)",--,--,"115 (4,538)","120 (2,993)",--,--,"115 (3,186)","117 (2,942)",--,"136 (3,878)",--,"83 (1,725)","150 (2,806)","146 (2,434)",--,"174 (3,676)",--,--,--,--,--,--,--,--,--
2016/01/21,--,--,"125 (191,706)","151 (58,800)",--,"143 (11,598)","117 (44,764)","111 (18,336)",--,"154 (53,129)",--,--,--,"102 (12,575)","140 (22,268)","121 (17,421)",--,--,--,--,"137 (10,341)","128 (8,941)",--,"173 (11,354)",--,--,--,--,"99 (3,023)","155 (14,655)","197 (9,441)",--,"117 (4,786)","124 (3,038)",--,--,"110 (3,418)","116 (2,871)",--,"140 (3,824)",--,"93 (1,742)","143 (2,886)","124 (2,723)",--,"167 (3,890)",--,--,--,--,--,--,--,--,--
2016/01/28,--,--,"133 (183,729)","133 (64,739)",--,"143 (11,228)","127 (41,508)","125 (17,460)",--,"165 (51,320)",--,--,--,"105 (12,198)","143 (22,638)","121 (17,649)",--,--,--,--,"144 (9,485)","133 (8,571)",--,"168 (11,387)",--,--,--,--,"108 (2,766)","163 (14,778)","190 (9,629)",--,"116 (4,716)","111 (3,156)",--,--,"112 (3,433)","117 (2,880)",--,"135 (4,142)",--,"105 (1,625)","140 (2,967)","119 (2,651)",--,"178 (3,760)","199 (3,520)",--,--,--,--,--,--,--,--
2016/02/04,--,--,"146 (168,529)","133 (67,889)",--,"144 (11,588)","146 (38,939)","140 (16,162)",--,"173 (51,001)",--,--,--,"117 (11,818)","157 (22,719)","130 (17,537)",--,--,--,--,"146 (9,639)","149 (8,166)",--,"166 (10,861)",--,--,--,--,"117 (2,714)","176 (14,605)","196 (9,721)",--,"124 (4,736)","134 (2,815)",--,--,"140 (3,166)","140 (2,734)",--,"172 (3,608)",--,"98 (1,719)","151 (2,808)","127 (2,623)",--,"182 (3,721)",--,--,--,--,--,--,--,--,--
2016/02/11,--,--,"151 (177,257)","142 (69,621)",--,"149 (10,525)","149 (39,726)","141 (16,176)",--,"181 (47,600)",--,--,--,"118 (11,882)","146 (25,074)","131 (15,395)",--,--,--,--,"139 (8,843)","163 (7,235)",--,"168 (11,729)",--,--,--,--,"124 (2,328)","182 (10,821)",--,--,"124 (4,890)","140 (2,911)",--,--,"125 (3,437)","158 (2,594)",--,"165 (3,775)",--,"107 (1,588)","157 (2,522)","126 (2,592)",--,"195 (3,456)","199 (3,593)",--,--,--,--,--,--,--,--
2016/02/18,"192 (1,774,376)",--,"144 (187,430)","132 (73,125)",--,"142 (12,010)","146 (40,952)","140 (16,361)",--,"159 (52,746)",--,--,--,"116 (12,627)","124 (27,324)","124 (17,971)",--,--,--,--,"123 (10,355)","146 (8,191)",--,"173 (11,203)",--,--,--,--,"120 (2,726)",--,--,--,"115 (5,004)","145 (2,851)",--,--,"140 (3,237)","155 (2,635)",--,"165 (3,830)",--,"104 (1,643)","142 (2,854)","128 (2,418)",--,--,--,--,--,--,--,--,--,--,--
2016/02/25,"192 (1,738,944)",--,"142 (201,844)","134 (73,089)",--,"139 (12,671)","149 (39,229)","142 (16,167)",--,"173 (52,589)",--,--,--,"128 (12,358)","136 (25,781)","126 (18,632)",--,--,--,--,"130 (9,886)","160 (8,171)",--,"177 (11,247)",--,--,--,--,"130 (2,681)",--,--,--,"121 (4,978)","145 (2,904)",--,--,"138 (3,528)","166 (2,580)",--,"178 (3,698)",--,"110 (1,692)","151 (2,803)","199 (2,067)",--,--,--,--,--,--,--,--,--,--,--
2016/03/03,"199 (1,685,668)",--,"149 (191,634)","141 (73,318)",--,"142 (12,427)","167 (36,841)","158 (15,313)",--,"199 (49,915)",--,--,--,"131 (12,116)","156 (24,262)","126 (18,495)",--,--,--,--,"138 (9,879)","164 (7,597)",--,"172 (11,310)",--,--,--,--,"139 (2,466)",--,--,--,"139 (4,487)","163 (2,728)",--,--,"139 (3,344)","176 (2,486)",--,"180 (3,611)",--,"125 (1,728)","169 (2,590)","198 (2,090)",--,--,--,--,--,--,--,--,--,--,--
2016/03/10,--,--,"144 (194,416)","149 (74,332)",--,"146 (12,852)","169 (38,383)","155 (15,453)",--,"194 (49,929)",--,--,--,"133 (11,623)","155 (23,942)","122 (18,450)",--,--,--,--,"142 (10,231)","170 (7,629)",--,"163 (11,417)",--,--,--,--,"120 (2,912)",--,--,--,"125 (4,773)","160 (2,967)",--,--,"146 (3,425)","184 (2,544)",--,"193 (3,485)",--,"125 (1,655)","176 (2,676)","175 (2,207)",--,--,--,--,--,--,--,--,--,--,--
2016/03/17,--,--,"152 (191,307)","150 (75,263)",--,"143 (13,956)","161 (40,861)","140 (16,953)",--,--,--,--,--,"147 (11,808)","162 (23,204)","124 (19,096)",--,--,--,--,"132 (10,976)","167 (7,653)",--,"169 (11,352)",--,--,--,--,"143 (2,627)",--,--,--,"134 (4,763)","130 (3,760)",--,--,"150 (3,782)","189 (2,449)",--,--,--,"135 (1,615)",--,"181 (2,031)",--,--,--,--,--,--,--,--,--,--,--
2016/03/24,--,--,"173 (174,760)","156 (73,993)",--,"156 (13,164)","167 (40,217)","152 (16,357)",--,--,--,--,--,"156 (12,015)","179 (20,351)","127 (18,741)",--,--,--,--,"144 (10,793)","173 (7,571)",--,"175 (10,756)",--,--,--,--,"136 (2,633)",--,--,--,"151 (4,739)","161 (3,844)",--,--,"164 (3,876)",--,--,--,--,"166 (1,483)",--,"190 (2,115)",--,--,--,--,--,--,--,--,--,--,--
2016/03/31,--,--,"174 (168,431)","158 (73,628)",--,"166 (13,468)","168 (39,013)","163 (15,726)",--,--,--,--,--,"159 (11,737)","174 (19,936)","141 (18,226)",--,--,--,--,"147 (10,467)","169 (7,427)",--,"196 (10,788)",--,--,--,--,"130 (2,701)","196 (12,193)",--,--,"149 (4,438)","153 (3,963)",--,--,"175 (3,715)","194 (2,341)",--,--,--,"164 (1,424)","180 (2,544)","182 (2,264)",--,--,--,--,--,--,--,--,--,--,--
2016/04/07,--,--,"141 (193,247)","158 (77,708)",--,"167 (13,721)","163 (42,557)","155 (17,830)",--,--,--,--,--,"145 (12,860)","158 (23,026)","141 (19,298)",--,--,--,--,"155 (10,822)","154 (8,313)",--,--,--,--,--,--,"122 (3,051)",--,--,--,"131 (5,085)","138 (3,885)",--,--,"156 (3,812)","181 (2,562)",--,--,--,"144 (1,562)","178 (2,773)","200 (2,092)",--,--,--,--,--,--,--,--,--,--,--
2016/04/14,--,--,"151 (197,668)","160 (79,183)",--,"171 (13,656)","161 (43,207)","141 (19,156)",--,"196 (56,647)",--,--,--,"146 (12,362)","169 (23,525)","139 (19,549)",--,--,--,--,"157 (10,568)","160 (8,389)",--,"196 (10,470)",--,--,--,--,"111 (3,162)",--,--,--,"137 (5,003)","133 (4,139)",--,--,"160 (3,567)","184 (2,637)",--,--,--,"143 (1,628)","169 (2,861)","188 (2,137)",--,--,--,--,--,--,--,--,--,--,--
2016/04/21,--,--,"157 (194,335)","166 (76,538)",--,"186 (13,515)","155 (42,181)","149 (18,504)",--,"178 (59,991)",--,--,--,"146 (12,523)","163 (23,600)","150 (19,132)",--,--,--,--,"162 (10,944)","157 (7,059)",--,"181 (10,941)",--,--,--,--,"118 (2,956)",--,--,--,"135 (5,000)","139 (5,019)",--,--,"163 (3,475)","183 (2,644)",--,--,--,"173 (1,391)","169 (2,879)","187 (2,091)",--,--,--,--,--,--,--,--,--,--,--
2016/04/28,--,--,"145 (191,427)","176 (76,100)",--,"182 (14,152)","160 (42,728)","145 (19,071)",--,"182 (57,283)",--,--,--,"140 (12,500)","155 (23,727)","159 (18,430)",--,--,--,--,"159 (10,655)","161 (7,895)",--,--,--,--,--,--,"112 (3,053)",--,--,--,"136 (4,980)","119 (4,446)",--,--,"159 (3,443)","172 (2,686)",--,--,--,"169 (1,423)","179 (2,789)","165 (2,224)",--,--,--,--,--,--,--,--,--,--,--
2016/05/05,--,--,"137 (191,725)","176 (77,356)",--,"177 (14,189)","163 (42,595)","153 (18,567)",--,"193 (55,666)",--,--,--,"134 (12,690)","157 (23,501)","166 (17,473)",--,--,--,--,"171 (10,198)","158 (8,562)",--,--,--,--,--,--,"103 (3,261)",--,--,--,"152 (4,656)","130 (4,187)",--,--,"170 (3,249)","168 (2,802)",--,"190 (3,949)",--,"145 (1,534)","176 (2,828)","161 (2,012)",--,--,--,--,--,--,--,--,--,--,--
2016/05/12,--,--,"139 (188,040)","175 (73,805)",--,"182 (13,969)","156 (42,447)","140 (19,780)",--,"199 (55,946)",--,--,--,"133 (12,700)","158 (22,276)","163 (17,596)",--,--,--,--,"165 (10,491)","154 (8,516)",--,--,--,--,--,--,"101 (3,521)",--,--,--,"134 (4,853)","120 (4,386)",--,--,"155 (3,391)","177 (2,668)",--,"197 (3,751)",--,"120 (1,671)","169 (2,801)","155 (2,305)",--,--,--,--,--,--,--,--,--,--,--
2016/05/19,--,--,"141 (189,680)","180 (80,219)",--,"195 (13,832)","160 (42,352)","129 (20,150)",--,"189 (55,381)",--,--,--,"138 (12,521)","156 (23,622)","160 (17,594)",--,--,--,--,"165 (10,418)","155 (8,583)",--,--,--,--,--,--,"106 (3,400)",--,--,--,"150 (4,750)","117 (4,515)",--,--,"151 (3,406)","179 (2,627)",--,--,--,"138 (1,531)","181 (2,788)","168 (2,400)",--,--,--,--,--,--,--,--,--,--,--
2016/05/26,--,--,"131 (209,159)","178 (81,274)",--,"195 (14,348)","164 (43,130)","132 (20,467)",--,--,--,--,--,"140 (12,736)","166 (23,310)","175 (17,544)",--,--,--,--,"169 (10,529)","156 (9,000)",--,--,--,--,--,--,"112 (3,310)",--,--,--,"166 (4,617)","136 (4,317)",--,--,"167 (3,304)","170 (2,839)",--,"189 (3,827)",--,"124 (1,717)","181 (2,897)","185 (2,395)",--,--,--,--,--,--,--,--,--,--,--
2016/06/02,--,--,"125 (223,390)","180 (84,336)",--,"197 (14,502)","165 (42,891)","132 (20,073)",--,--,--,--,--,"135 (12,781)","178 (21,558)","173 (17,690)",--,--,--,--,"189 (9,569)","160 (8,797)",--,--,--,--,--,--,"119 (3,286)",--,--,--,"162 (4,686)","144 (4,012)",--,--,"157 (3,431)","176 (2,764)",--,"193 (3,770)",--,"144 (1,535)","172 (2,929)",--,--,--,--,--,--,--,--,--,--,--,--
2016/06/09,--,--,"126 (226,247)","177 (85,330)",--,--,"163 (43,458)","138 (19,264)",--,--,--,--,--,"142 (12,698)","179 (20,985)","174 (17,866)",--,--,--,--,"185 (9,472)","151 (8,788)",--,--,--,--,--,--,"116 (3,408)",--,--,--,"152 (5,091)","158 (3,642)",--,--,"159 (3,341)","167 (2,886)",--,"180 (3,982)",--,"141 (1,500)","183 (2,846)",--,--,--,--,--,--,--,--,--,--,--,--
2016/06/16,--,--,"126 (219,848)","181 (83,134)",--,--,"163 (43,893)","137 (19,758)",--,--,--,--,--,"126 (13,259)","177 (22,422)","181 (17,173)",--,--,--,--,"179 (9,880)","150 (8,999)",--,--,--,--,--,--,"118 (3,387)",--,--,--,"158 (5,019)","132 (3,840)",--,--,"160 (3,305)","175 (2,825)",--,"183 (3,979)",--,"156 (1,429)",--,--,--,--,--,--,--,--,--,--,--,--,--
2016/06/23,--,--,"127 (219,624)","176 (84,684)",--,--,"163 (43,930)","141 (19,758)",--,--,--,--,--,"142 (12,708)","181 (21,440)","184 (16,962)",--,--,--,--,"185 (9,636)","151 (9,033)",--,--,--,--,--,--,"121 (3,234)",--,--,--,"155 (4,910)","148 (3,597)",--,--,"160 (3,322)","188 (2,716)",--,"188 (4,010)",--,"145 (1,503)","176 (2,822)",--,--,--,--,--,--,--,--,--,--,--,--
2016/06/30,--,--,"124 (228,207)","183 (86,627)",--,--,"164 (43,078)","139 (20,342)",--,--,--,--,--,"136 (12,916)","193 (22,598)","193 (17,026)",--,--,--,--,"187 (9,522)","158 (9,291)",--,--,--,--,--,--,"115 (3,436)",--,--,--,"155 (5,113)","154 (3,605)",--,--,"158 (3,390)","164 (2,988)",--,--,--,"135 (1,656)","180 (2,828)",--,--,--,--,--,--,--,--,--,--,--,--
2016/07/07,--,--,"124 (231,513)","167 (92,171)",--,--,"159 (47,134)","130 (21,782)","190 (9,117)",--,--,--,--,"145 (12,537)","190 (21,648)",--,--,--,--,--,"186 (9,277)","153 (9,369)",--,--,--,--,--,--,"112 (3,591)",--,--,--,"150 (5,181)","168 (3,571)",--,--,"166 (3,292)","168 (3,083)",--,"189 (4,030)",--,"156 (1,538)","183 (2,873)",--,--,--,--,--,--,--,--,--,--,--,--
2016/07/14,--,--,"133 (227,164)","166 (96,859)",--,--,"164 (46,130)","135 (21,089)","197 (9,539)",--,--,--,--,"149 (12,510)","199 (22,182)","193 (16,993)",--,--,--,--,"175 (9,660)","153 (9,306)",--,--,--,--,--,--,"128 (3,327)",--,--,--,"170 (4,815)","172 (3,668)",--,--,"162 (3,388)","185 (2,915)",--,--,--,"183 (1,369)","191 (2,806)","179 (2,444)",--,--,--,--,--,--,--,--,--,--,--
2016/07/21,--,--,"141 (219,180)","166 (97,368)",--,--,"170 (45,356)","145 (20,343)",--,--,--,--,--,"155 (12,433)",--,"194 (17,171)",--,--,--,--,"172 (10,139)","170 (8,861)",--,--,--,--,--,--,"125 (3,441)",--,--,--,"171 (4,883)","166 (3,609)",--,--,"186 (3,187)","199 (2,766)",--,--,--,"175 (1,416)",--,"172 (2,450)",--,--,--,--,--,--,--,--,--,--,--
2016/07/28,--,--,"141 (217,254)","163 (98,506)",--,--,"176 (46,031)","148 (19,691)",--,--,--,--,--,"158 (12,506)","195 (22,592)","185 (18,055)",--,--,--,--,"174 (10,005)","169 (8,966)",--,--,--,--,--,--,"130 (3,575)",--,--,--,"188 (4,619)","181 (3,563)",--,--,"176 (3,285)","181 (2,873)",--,--,--,"139 (1,652)",--,--,--,--,--,--,--,--,--,--,--,--,--
2016/08/04,--,--,"142 (217,929)","166 (100,641)",--,--,"184 (45,690)","150 (18,534)",--,--,--,--,--,"162 (12,319)","200 (23,113)","173 (18,917)",--,--,--,--,"168 (10,296)","172 (8,867)",--,--,--,--,--,--,"142 (3,449)",--,--,--,"181 (4,792)","192 (3,563)",--,--,"184 (3,242)","186 (2,910)",--,--,--,"162 (1,524)",--,"187 (2,295)",--,--,--,--,--,--,--,--,--,--,--
2016/08/11,--,--,"148 (210,262)","160 (105,354)",--,"194 (14,224)","187 (44,782)","157 (18,339)",--,--,--,--,--,"169 (12,338)",--,"182 (17,514)",--,--,--,--,"181 (10,222)","187 (8,228)",--,--,--,--,--,--,"155 (3,174)",--,--,--,"189 (4,757)","181 (3,620)",--,--,"170 (3,457)","198 (2,675)",--,--,--,"178 (1,429)",--,--,--,--,--,--,--,--,--,--,--,--,--
2016/08/18,--,--,"148 (215,996)","142 (116,120)",--,"154 (17,215)","199 (44,726)","158 (19,182)",--,--,--,--,--,"167 (12,295)",--,"147 (21,500)",--,--,--,--,"161 (11,508)","194 (8,176)",--,--,--,--,--,--,"153 (3,408)",--,--,--,--,"194 (3,530)",--,--,"185 (3,298)",--,--,--,--,"183 (1,422)",--,"200 (2,072)",--,--,--,--,--,--,--,--,--,--,--
2016/08/25,--,--,"136 (223,378)","176 (99,954)",--,--,"196 (46,029)","156 (20,490)",--,--,--,--,--,"171 (12,676)",--,"173 (19,196)",--,--,--,--,"179 (10,598)","192 (8,727)",--,--,--,--,--,--,"156 (3,326)",--,--,--,"194 (4,793)","174 (3,948)",--,--,"191 (3,384)",--,--,--,--,"185 (1,449)",--,--,--,--,--,--,--,--,--,--,--,--,--
2016/09/01,--,--,"169 (219,821)","178 (98,708)",--,"199 (14,127)",--,"168 (20,384)",--,--,--,--,--,"173 (12,859)",--,"184 (18,710)",--,--,--,--,"176 (11,017)","190 (8,825)",--,--,--,--,--,--,"140 (3,836)",--,--,--,--,"153 (4,439)",--,--,--,--,--,--,--,"193 (1,483)",--,--,--,--,--,--,--,--,--,--,--,--,--
2016/09/08,--,--,"152 (224,780)","186 (96,884)",--,--,--,"162 (21,530)",--,--,--,--,--,"179 (12,466)",--,"199 (18,565)",--,--,--,--,"184 (10,690)",--,--,--,--,--,--,--,"160 (3,395)",--,--,--,--,"157 (4,144)",--,--,--,"197 (3,032)",--,--,--,"186 (1,476)",--,--,--,--,--,--,--,--,--,--,--,--,--
2016/09/15,--,--,"155 (222,707)","182 (97,168)",--,--,--,"159 (22,755)",--,--,--,--,--,"182 (12,027)","200 (24,195)","175 (19,186)",--,--,--,--,"182 (10,956)","192 (8,588)",--,--,--,--,--,--,"174 (3,724)",--,--,--,"195 (4,906)","194 (3,979)",--,--,--,--,--,--,--,"195 (1,396)",--,--,--,--,--,--,--,--,--,--,--,--,--
2016/09/22,--,--,"165 (207,440)","176 (96,193)",--,--,--,"157 (24,792)",--,--,--,--,--,"183 (12,138)",--,"174 (19,941)",--,--,--,--,"171 (11,071)","187 (9,197)",--,--,--,--,--,--,"164 (3,772)",--,--,--,"196 (4,819)",--,--,--,--,--,--,--,--,"192 (1,377)",--,"191 (2,365)",--,--,--,--,--,--,--,--,--,--,--
2016/09/29,--,--,"172 (199,656)","174 (96,749)",--,--,--,"164 (24,089)",--,--,--,--,--,"175 (12,770)",--,"173 (20,288)",--,--,--,--,"169 (11,677)","199 (8,628)",--,--,--,--,--,--,"159 (3,629)",--,--,--,--,--,--,--,--,--,--,--,--,"171 (1,535)",--,--,--,--,--,--,--,--,--,--,--,--,--
2016/10/06,--,--,"169 (199,202)","197 (85,108)",--,"169 (17,478)",--,"158 (25,029)",--,--,--,--,--,"168 (13,101)",--,"134 (25,074)",--,--,--,--,"157 (12,811)","199 (8,745)",--,--,--,--,--,--,"160 (3,616)",--,--,--,"188 (4,850)","185 (4,035)",--,--,--,"193 (3,043)",--,--,--,"142 (1,685)",--,--,--,--,--,--,--,--,--,--,--,--,--
2016/10/13,"147 (2,607,825)",--,"105 (267,345)",--,--,"129 (22,595)","147 (64,771)","102 (33,976)","179 (24,445)",--,--,--,--,"102 (17,932)","143 (31,527)","119 (28,926)",--,--,--,--,"109 (17,730)","148 (11,388)",--,"186 (13,705)",--,--,--,"200 (79,585)","118 (4,569)","145 (15,672)",--,--,"123 (6,832)","146 (5,001)",--,--,"148 (3,979)","138 (4,088)",--,"171 (5,290)",--,"112 (2,066)","156 (4,327)","126 (2,942)",--,--,--,--,--,--,--,--,--,--,"200 (1,582)"
2016/10/20,--,--,"152 (212,053)",--,--,"182 (17,323)","181 (54,555)","135 (27,662)",--,--,--,--,--,"144 (14,083)","199 (23,559)","164 (20,958)",--,--,--,--,"157 (12,972)","187 (9,200)",--,--,--,--,--,--,"145 (3,967)",--,--,--,"171 (5,377)","180 (4,334)",--,--,"170 (3,649)","180 (3,249)",--,--,--,"146 (1,654)",--,--,--,--,--,--,--,--,--,--,--,--,--
2016/10/27,--,--,"164 (203,646)",--,--,--,"194 (51,794)","142 (27,369)",--,--,--,--,--,"153 (14,251)","200 (24,425)","198 (18,862)",--,--,--,--,"175 (11,749)","185 (9,042)",--,--,--,--,--,--,"130 (4,214)",--,--,--,"170 (5,320)","171 (4,473)",--,--,"158 (3,985)","194 (3,081)",--,"186 (4,537)",--,"135 (1,793)",--,--,--,--,--,--,--,--,--,--,--,--,--
2016/11/03,--,--,"189 (184,938)",--,--,"187 (17,909)",--,"152 (25,424)",--,--,--,--,--,"161 (13,676)",--,--,--,--,--,--,"176 (11,910)","192 (8,707)",--,--,--,--,--,--,"139 (3,776)",--,--,--,"165 (5,227)","189 (4,088)",--,--,"169 (3,772)","197 (2,955)",--,--,--,"128 (1,802)",--,--,--,--,--,--,--,--,--,--,--,--,--
2016/11/10,--,--,"175 (195,550)",--,--,"144 (21,600)","187 (52,229)","124 (29,905)",--,--,--,--,--,"159 (14,151)","192 (23,795)",--,--,--,--,--,"164 (12,889)","183 (8,575)",--,--,--,--,--,--,"138 (3,940)",--,--,--,"149 (5,427)","198 (3,979)",--,--,"159 (4,046)","185 (3,167)",--,"195 (4,448)",--,"135 (1,779)",--,--,--,--,--,--,--,--,--,--,--,--,--
2016/11/17,--,--,"172 (201,922)",--,--,"149 (22,199)","186 (55,342)","131 (28,964)",--,--,--,--,--,"152 (13,982)",--,"197 (20,148)",--,--,--,--,"163 (13,350)","182 (9,091)",--,--,--,--,--,--,"93 (5,250)",--,--,--,"157 (5,315)","190 (4,231)",--,--,"161 (4,119)","193 (3,139)",--,--,--,"160 (1,651)","188 (3,442)",--,--,--,--,--,--,--,--,--,--,--,--
2016/11/24,"190 (2,398,880)",--,"172 (212,115)",--,--,"141 (23,344)","175 (58,360)","125 (29,416)",--,--,--,--,--,"131 (14,273)","197 (25,208)","188 (21,448)",--,--,--,--,"153 (15,819)","169 (9,718)",--,"186 (14,655)",--,--,--,--,"92 (5,267)",--,--,--,"151 (5,750)","183 (4,464)",--,--,"175 (3,984)","179 (3,345)",--,"196 (4,560)",--,"134 (1,807)","191 (3,556)",--,--,--,--,--,--,--,--,--,--,--,--
2016/12/01,--,--,"194 (209,667)",--,--,"151 (22,835)","198 (54,821)","137 (28,006)",--,--,--,--,--,"148 (13,497)",--,--,--,--,--,--,"163 (14,564)","188 (9,152)",--,--,--,--,--,--,"117 (4,474)",--,--,--,"167 (5,479)","191 (4,124)",--,--,--,--,--,--,--,"153 (1,774)",--,--,--,--,--,--,--,--,--,--,--,--,--
2016/12/08,--,--,--,--,--,"169 (21,913)",--,"145 (27,043)",--,--,--,--,--,"155 (13,581)",--,--,--,--,--,--,"190 (13,044)",--,--,--,--,--,--,--,"131 (4,275)",--,--,--,"187 (5,017)",--,--,--,"194 (3,843)","190 (3,284)",--,--,--,"188 (1,543)",--,--,--,--,--,--,--,--,--,--,--,--,--
2016/12/15,--,--,--,--,--,"179 (20,188)","200 (54,355)","150 (26,949)",--,--,--,--,--,"135 (14,543)",--,--,--,--,--,--,"186 (13,049)",--,--,--,--,--,--,--,"132 (4,231)",--,--,--,"194 (4,906)",--,--,--,"193 (3,756)",--,--,--,--,"168 (1,688)",--,--,--,--,--,--,--,--,--,--,--,--,--
2016/12/22,--,--,--,--,--,"167 (22,655)","189 (58,742)","156 (27,458)",--,--,--,--,--,"139 (14,897)",--,--,--,--,--,--,"184 (12,954)","198 (9,639)",--,--,--,--,--,--,"141 (4,163)",--,--,--,"197 (5,060)",--,--,--,"188 (3,854)","195 (3,295)",--,--,--,"178 (1,700)",--,--,--,--,--,--,--,--,--,--,--,--,--
2016/12/29,--,--,--,--,--,"178 (20,415)",--,"155 (26,860)",--,--,--,--,--,"168 (12,608)",--,--,--,--,--,--,--,--,--,--,--,--,--,--,"150 (3,692)",--,--,--,--,--,--,--,--,--,--,--,--,"193 (1,580)",--,--,--,--,--,--,--,--,--,--,--,--,--
2017/01/05,--,--,--,--,--,"183 (20,920)",--,"166 (26,458)",--,--,--,--,--,"179 (12,532)",--,--,--,--,--,--,--,--,--,--,--,--,--,--,"164 (3,677)",--,--,--,--,--,--,--,--,--,--,--,--,"188 (1,635)",--,--,--,--,--,--,--,--,--,--,--,--,--
2017/01/12,--,--,--,--,--,"183 (22,230)",--,"164 (27,834)",--,--,--,--,--,"168 (13,390)",--,--,--,--,--,--,--,"200 (9,910)",--,--,--,--,--,--,"156 (3,887)",--,--,--,--,--,--,--,--,"199 (3,385)",--,--,--,"170 (1,676)",--,--,--,--,--,--,--,--,--,--,--,--,--
2017/01/19,--,--,--,--,--,"187 (21,833)",--,"173 (29,209)",--,--,--,--,--,"177 (13,337)",--,--,--,--,--,--,--,--,--,--,--,--,--,--,"158 (4,039)",--,--,--,--,--,--,--,--,--,--,--,--,"194 (1,635)",--,--,--,--,--,--,--,--,--,--,--,--,--
2017/01/26,--,--,--,--,--,"193 (21,675)",--,"180 (29,384)",--,--,--,--,--,"178 (13,419)",--,--,--,--,--,--,--,--,--,--,--,--,--,--,"157 (3,940)",--,--,--,--,--,--,--,--,--,--,--,--,--,--,--,--,--,--,--,--,--,--,--,--,--,--
2017/02/02,--,--,--,--,--,--,--,"187 (31,167)",--,--,--,--,--,"191 (13,439)",--,--,--,--,--,--,--,--,--,--,--,--,--,--,"164 (4,051)",--,--,--,--,--,--,--,--,--,--,--,--,--,--,--,--,--,--,--,--,--,--,--,--,--,--
2017/02/09,--,--,--,--,--,--,--,"195 (33,479)",--,--,--,--,--,"196 (13,285)",--,--,--,--,--,--,--,--,--,--,--,--,--,--,"168 (4,100)",--,--,--,--,--,--,--,--,--,--,--,--,--,--,--,--,--,--,--,--,--,--,--,--,--,--
2017/02/16,--,--,--,--,--,"186 (22,954)",--,"167 (38,148)",--,--,--,--,--,"182 (14,836)",--,--,--,--,--,--,--,--,--,--,--,--,--,--,"144 (4,807)",--,--,--,--,--,--,--,--,"198 (3,800)",--,--,--,--,--,--,--,--,--,--,--,--,--,--,--,--,--
2017/02/23,--,--,--,--,--,"193 (23,240)",--,"179 (38,403)",--,--,--,--,--,"187 (15,066)",--,--,--,--,--,--,--,--,--,--,--,--,--,--,"162 (4,316)",--,--,--,--,--,--,--,"194 (4,467)",--,--,--,--,--,--,--,--,--,--,--,--,--,--,--,--,--,--
2017/03/02,--,--,--,--,--,"177 (25,032)",--,"188 (37,375)",--,--,--,--,--,"191 (15,307)",--,--,--,--,--,--,--,--,--,--,--,--,--,--,"196 (3,368)",--,--,--,--,--,--,--,--,--,--,--,--,--,--,--,--,--,--,--,--,--,--,--,--,--,--
2017/03/09,--,--,--,--,--,"187 (25,062)",--,"191 (36,870)","185 (38,734)",--,--,--,--,"192 (15,102)",--,--,--,--,--,--,--,--,--,--,--,--,--,--,"175 (4,119)",--,--,--,--,--,--,--,--,"183 (4,284)",--,--,--,--,--,--,--,--,--,--,--,--,--,--,--,--,--
2017/03/16,--,--,--,--,--,"188 (24,920)",--,"199 (36,368)","197 (37,810)",--,--,--,--,--,--,--,--,--,--,--,--,--,--,--,--,--,--,--,"159 (4,391)",--,--,--,--,--,--,--,--,"192 (4,067)",--,--,--,--,--,--,--,--,--,--,--,--,--,--,--,--,--
2017/03/23,--,--,--,--,--,"194 (25,569)",--,"171 (36,271)",--,--,--,--,--,"190 (14,682)",--,--,--,--,--,--,--,--,--,--,--,--,--,--,"148 (4,425)",--,--,--,--,--,--,--,--,"191 (3,964)",--,--,--,--,--,--,--,--,--,--,--,--,--,--,--,--,--
2017/03/30,--,--,--,--,--,"185 (25,292)",--,"177 (38,353)",--,--,--,--,--,"199 (14,216)",--,--,--,--,--,--,--,--,--,--,--,--,--,--,"145 (4,536)",--,--,--,--,--,--,--,--,--,--,--,--,--,--,--,--,--,--,--,--,--,--,--,--,--,--
2017/04/06,--,--,--,--,--,"179 (25,566)",--,"184 (37,538)",--,--,--,--,--,--,--,--,--,--,--,--,--,--,--,--,--,--,--,--,"153 (4,452)",--,--,--,--,--,--,--,--,"200 (3,843)",--,--,--,--,--,--,--,--,--,--,--,--,--,--,--,--,--
2017/04/13,--,--,--,--,--,"184 (25,369)",--,"194 (37,287)",--,--,--,--,--,--,--,--,--,--,--,--,--,--,--,--,--,--,--,--,"151 (4,446)",--,--,--,--,--,--,--,--,--,--,--,--,--,--,--,--,--,--,--,--,--,--,--,--,--,--
2017/04/20,--,--,--,--,--,"190 (25,562)",--,"187 (36,733)",--,--,--,--,--,--,--,--,--,--,--,--,--,--,--,--,--,--,--,--,"158 (4,016)",--,--,--,--,"188 (4,630)",--,--,--,--,--,--,--,--,--,--,--,--,--,--,--,--,--,--,--,--,--
2017/04/27,--,--,--,--,--,"172 (26,095)",--,"161 (41,180)",--,--,--,--,--,"188 (15,156)",--,--,--,--,--,--,--,--,--,--,--,--,--,--,"166 (4,121)",--,--,--,--,--,--,--,--,--,--,--,--,--,--,--,--,--,--,--,--,--,--,--,--,--,--
2017/05/04,--,--,--,--,--,"179 (25,682)","169 (73,285)","114 (56,657)",--,--,--,--,--,"170 (16,111)",--,--,--,--,--,--,--,"144 (13,345)",--,--,--,--,--,--,"153 (4,480)",--,--,--,--,--,--,--,--,--,--,--,--,--,--,--,--,--,--,--,--,--,--,--,--,--,--
2017/05/11,--,--,--,--,--,"170 (27,154)","130 (85,484)","100 (64,606)",--,"186 (86,067)",--,--,--,"164 (16,473)",--,--,--,--,--,--,--,"132 (14,374)",--,--,--,--,--,--,"151 (4,736)",--,--,--,--,--,--,--,--,"199 (3,927)",--,--,--,"164 (2,243)",--,--,--,--,--,--,--,--,--,--,--,--,--
2017/05/18,--,--,--,--,--,"169 (27,376)","146 (80,555)","104 (61,181)",--,"184 (87,500)",--,--,--,"164 (16,228)",--,--,--,--,--,--,--,"134 (14,324)",--,--,--,--,--,--,"162 (4,431)",--,--,--,--,"196 (4,778)",--,--,--,--,--,--,--,"185 (2,028)",--,--,--,--,--,--,--,--,--,--,--,--,--
2017/05/25,--,--,--,--,--,"176 (27,085)","154 (76,559)","116 (56,741)",--,"198 (84,747)",--,--,--,"174 (16,298)",--,--,--,--,--,--,--,"124 (15,814)",--,--,--,--,--,--,"123 (5,604)",--,--,--,--,"189 (5,216)",--,--,--,--,--,--,--,"186 (2,045)",--,--,--,--,--,--,--,--,--,--,--,--,--
2017/06/01,--,--,--,--,--,"182 (26,470)","165 (74,849)","130 (53,671)",--,"197 (82,491)",--,--,--,"170 (16,744)",--,--,--,--,--,--,"198 (12,763)","153 (13,698)",--,--,--,--,--,--,"128 (5,476)",--,--,--,--,"181 (5,381)",--,--,--,--,--,--,--,"192 (2,015)",--,--,--,--,--,--,--,--,--,--,--,--,--
2017/06/08,--,--,"185 (265,784)",--,--,"186 (26,516)","171 (72,250)","137 (50,076)",--,--,--,--,--,"179 (16,831)",--,--,--,--,--,--,--,"154 (13,098)",--,--,--,--,--,--,"132 (5,515)",--,--,--,--,"191 (5,325)",--,--,--,--,--,--,--,"183 (2,080)",--,--,--,--,--,--,--,--,--,--,--,--,--
2017/06/15,--,--,"185 (270,430)",--,--,--,"176 (70,697)","145 (48,636)",--,--,--,--,--,"169 (16,712)",--,--,--,--,--,--,--,"164 (12,727)",--,--,--,--,--,--,"139 (5,378)",--,--,--,--,--,--,--,--,"193 (4,068)",--,--,--,"182 (2,063)",--,--,--,--,--,--,--,--,--,--,--,--,--
2017/06/22,--,--,--,--,--,--,"180 (67,391)","157 (46,476)",--,--,--,--,--,"169 (16,795)",--,--,--,--,--,--,--,"172 (12,342)",--,--,--,--,--,--,"140 (5,260)",--,--,--,--,--,--,--,--,--,--,--,--,"186 (2,000)",--,--,--,--,--,--,--,--,--,--,--,--,--
2017/06/29,--,--,--,--,--,--,"193 (64,756)","168 (43,948)",--,--,--,--,--,"177 (15,860)",--,--,--,--,--,--,--,"185 (11,636)",--,--,--,--,--,--,"146 (5,217)",--,--,--,--,--,--,--,--,--,--,--,--,"183 (2,066)",--,--,--,--,--,--,--,--,--,--,--,--,--
2017/07/06,--,--,--,--,--,"174 (24,617)","198 (67,982)","170 (44,419)",--,--,--,--,--,"181 (15,923)",--,--,--,--,--,--,--,"188 (11,851)",--,--,--,--,--,--,"147 (5,552)",--,--,--,--,--,--,--,--,"198 (4,223)",--,--,--,"169 (2,166)",--,--,--,--,--,--,--,--,--,--,--,--,--
2017/07/13,--,--,--,--,--,"177 (26,946)","195 (70,449)","176 (44,189)",--,--,--,--,--,"182 (16,151)",--,--,--,--,--,--,--,"200 (11,650)",--,--,--,--,--,--,"150 (5,128)",--,--,--,--,--,--,--,--,--,--,--,--,"174 (2,143)",--,--,--,--,--,--,--,--,--,--,--,--,--
2017/07/20,--,--,--,--,--,"176 (27,490)","197 (67,706)","184 (42,910)",--,--,--,--,--,"190 (15,885)",--,--,--,--,--,--,--,"196 (12,055)",--,--,--,--,--,--,"168 (4,772)",--,--,--,--,--,--,--,--,--,--,--,--,"181 (2,100)",--,--,--,--,--,--,--,--,--,--,--,--,--
2017/07/27,--,--,--,--,--,"196 (28,463)",--,--,--,--,--,--,--,--,--,--,--,--,--,--,--,--,--,--,--,--,--,--,"179 (4,995)",--,--,--,--,--,--,--,--,--,--,--,--,"199 (2,057)",--,--,--,--,--,--,--,--,--,--,--,--,--
2017/08/03,--,--,--,--,--,"162 (30,122)",--,"197 (38,806)",--,--,--,--,--,--,--,--,--,--,--,--,--,--,--,--,--,--,--,--,"190 (4,661)",--,--,--,--,--,--,--,--,--,--,--,--,"199 (2,000)",--,--,--,--,--,--,--,--,--,--,--,--,--
2017/08/10,--,--,--,--,--,"160 (29,689)",--,"189 (41,405)",--,--,--,--,--,"184 (16,663)",--,--,--,--,--,--,--,--,--,--,--,--,--,--,"179 (4,834)",--,--,--,--,--,--,--,--,--,--,--,--,--,--,--,--,--,--,--,--,--,--,--,--,--,--
2017/08/17,--,--,--,--,--,"148 (31,501)",--,"174 (45,034)",--,--,--,--,--,"180 (16,702)",--,--,--,--,--,--,--,--,--,--,--,--,--,--,"153 (5,377)",--,--,--,--,--,--,--,--,--,--,--,--,"176 (2,260)",--,--,--,--,--,--,--,--,--,--,--,--,--
2017/08/24,--,--,--,--,--,"141 (31,676)",--,"173 (47,178)",--,--,--,--,--,"181 (16,822)",--,--,--,--,--,--,--,"196 (12,132)",--,--,--,--,--,--,"168 (5,307)",--,--,--,--,--,--,--,--,--,--,--,--,"186 (2,218)",--,--,--,--,--,--,--,--,--,--,--,--,--
2017/08/31,--,--,--,--,--,"151 (30,143)",--,"180 (44,220)",--,--,--,--,--,"187 (16,492)",--,--,--,--,--,--,--,--,--,--,--,--,--,--,"175 (5,397)",--,--,--,--,--,--,--,--,--,--,--,--,"182 (2,336)",--,--,--,--,--,--,--,--,--,--,--,--,--
2017/09/07,--,--,--,--,--,"161 (27,582)",--,"184 (41,740)",--,--,--,--,--,"193 (16,233)",--,--,--,--,--,--,--,--,--,--,--,--,--,--,"176 (6,107)",--,--,--,--,--,--,--,--,--,--,--,--,"195 (2,245)",--,--,--,--,--,--,--,--,--,--,--,--,--
2017/09/14,--,--,--,--,--,"156 (30,169)",--,"181 (43,245)",--,--,--,--,--,"198 (16,143)",--,--,--,--,--,--,--,--,--,--,--,--,--,--,"173 (5,992)",--,--,--,--,--,--,--,--,--,--,--,--,"200 (2,186)",--,--,--,--,--,--,--,--,--,--,--,--,--
2017/09/21,--,--,--,--,--,"169 (29,815)",--,"176 (44,277)",--,--,--,--,--,"131 (21,514)",--,--,--,--,--,--,--,--,--,--,--,--,--,--,"169 (6,139)",--,--,--,--,--,--,--,--,--,--,--,--,"189 (2,214)",--,--,--,--,--,--,--,--,--,--,--,--,--
2017/09/28,--,--,"173 (280,944)",--,--,"164 (30,798)",--,"148 (51,341)",--,--,--,--,--,"94 (25,818)","116 (45,786)",--,--,--,--,--,--,"174 (13,604)",--,--,--,--,--,--,"137 (7,037)",--,--,--,--,"191 (6,246)",--,--,"192 (4,898)","183 (5,188)",--,--,--,"142 (2,913)",--,--,--,--,--,--,--,--,--,--,--,--,--
2017/10/05,--,--,"181 (283,808)",--,--,"169 (31,957)",--,"160 (48,233)",--,--,--,--,--,"99 (24,412)","147 (37,988)",--,--,--,--,--,--,"171 (13,656)",--,--,--,--,--,--,"146 (6,861)",--,--,--,--,--,--,--,"199 (5,028)","180 (5,309)",--,"199 (8,084)",--,"150 (2,802)",--,--,--,--,--,--,--,--,--,--,--,--,--
2017/10/12,--,--,"170 (297,237)",--,--,"164 (33,351)","196 (85,507)","158 (45,592)",--,"195 (98,258)",--,--,--,"101 (22,887)","156 (34,941)",--,--,--,--,--,--,"165 (13,891)",--,--,--,--,--,--,"132 (7,105)",--,--,--,"186 (6,643)","182 (6,099)",--,--,"187 (4,980)","158 (5,668)",--,"175 (8,246)",--,"132 (2,918)",--,--,--,--,--,--,--,--,--,--,--,--,--
2017/10/19,--,--,"139 (330,649)",--,--,"172 (31,502)","161 (102,185)","118 (56,289)",--,"186 (105,207)",--,--,--,"71 (29,537)","139 (37,515)",--,--,--,--,--,"178 (15,291)","146 (15,816)",--,--,--,--,--,--,"107 (7,767)",--,--,--,"134 (7,657)","134 (7,684)",--,--,"155 (5,945)","143 (6,040)",--,"149 (9,407)",--,"99 (3,551)","180 (6,047)",--,--,--,--,--,--,--,--,--,--,--,--
2017/10/26,--,--,"181 (293,517)",--,--,"173 (31,914)","195 (92,310)","142 (51,730)",--,--,--,--,--,"54 (36,088)","181 (32,130)",--,--,--,--,--,"185 (15,430)","192 (13,054)",--,--,--,--,--,--,"146 (6,749)",--,--,--,--,"181 (6,502)",--,--,"198 (5,017)","186 (5,224)",--,--,--,"149 (2,764)",--,--,--,--,--,--,--,--,--,--,--,--,--
2017/11/02,--,--,--,--,--,"172 (31,336)",--,"158 (46,084)",--,--,--,--,--,"88 (26,782)",--,--,--,--,--,--,--,--,--,--,--,--,--,--,"172 (5,702)",--,--,--,--,"185 (6,532)",--,--,--,--,--,--,--,"184 (2,444)",--,--,--,--,--,--,--,--,--,--,--,--,--
2017/11/09,--,--,--,--,--,"179 (31,767)","192 (90,356)","157 (47,966)",--,--,--,--,--,"91 (26,731)",--,--,--,--,--,--,--,--,--,--,--,--,--,--,"159 (6,117)",--,--,--,--,"190 (6,545)",--,--,--,--,--,--,--,"172 (2,521)",--,--,--,--,--,--,--,--,--,--,--,--,--
2017/11/16,--,--,--,--,--,"158 (34,733)","188 (94,458)","160 (46,885)",--,--,--,--,--,"88 (26,433)",--,--,--,--,--,--,--,"193 (13,393)",--,--,--,--,--,--,"150 (6,403)",--,--,--,--,--,--,--,--,--,--,--,--,"150 (2,741)",--,--,--,--,--,--,--,--,--,--,--,--,--
2017/11/23,--,--,--,--,--,"158 (34,557)","181 (95,237)","134 (52,908)",--,"194 (105,654)",--,--,--,"90 (25,988)","175 (32,857)",--,--,--,--,--,--,"179 (14,351)",--,--,--,--,--,--,"145 (6,458)",--,--,--,--,--,--,--,--,--,--,--,--,"175 (2,533)",--,--,--,--,--,--,--,--,--,--,--,--,--
2017/11/30,--,--,--,--,--,"160 (34,285)","101 (143,948)","91 (74,030)",--,"126 (144,006)",--,--,--,"86 (26,634)","161 (35,007)",--,--,--,--,--,--,"130 (17,179)",--,--,--,--,--,--,"151 (6,256)",--,--,--,--,--,--,--,--,--,--,--,--,"171 (2,593)",--,--,--,--,--,--,--,--,--,--,--,--,--
2017/12/07,--,--,--,--,--,"175 (31,409)","143 (115,554)","72 (91,880)",--,"194 (112,379)",--,--,--,"53 (40,665)","99 (48,413)",--,--,--,--,--,--,"87 (24,769)",--,--,--,--,--,--,"148 (6,490)",--,--,--,--,--,--,--,--,--,--,--,--,"184 (2,480)",--,--,--,--,--,--,--,--,--,--,--,--,--
2017/12/14,--,--,--,--,--,"183 (31,771)","176 (98,979)","127 (61,353)",--,--,--,--,--,"41 (51,511)","152 (34,383)",--,--,--,--,--,--,"133 (17,266)",--,--,--,--,--,--,"161 (6,261)",--,--,--,--,--,--,--,--,--,--,--,--,"175 (2,454)",--,--,--,--,--,--,--,--,--,--,--,--,--
2017/12/21,--,--,--,--,--,"185 (31,418)","195 (91,600)","142 (54,467)",--,--,--,--,--,"65 (31,112)","180 (31,514)",--,--,--,--,--,--,"164 (15,534)",--,--,--,--,--,--,"163 (6,058)",--,--,--,--,--,--,--,--,--,--,--,--,"198 (2,317)",--,--,--,--,--,--,--,--,--,--,--,--,--
2017/12/28,--,--,--,--,--,"194 (28,586)",--,"163 (47,543)",--,--,--,--,--,"103 (22,722)",--,--,--,--,--,--,--,"189 (13,698)",--,--,--,--,--,--,"182 (5,264)",--,--,--,--,--,--,--,--,--,--,--,--,--,--,--,--,--,--,--,--,--,--,--,--,--,--
2018/01/04,--,--,--,--,--,"199 (28,836)",--,"169 (45,964)",--,--,--,--,--,"109 (20,764)",--,--,--,--,--,--,--,"195 (12,945)",--,--,--,--,--,--,"193 (5,211)",--,--,--,--,--,--,--,--,--,--,--,--,--,--,--,--,--,--,--,--,--,--,--,--,--,--
2018/01/11,--,--,--,--,--,"169 (33,649)",--,"160 (49,907)",--,--,--,--,--,"103 (22,101)",--,--,--,--,--,--,--,"170 (14,356)",--,--,--,--,--,--,"170 (5,598)",--,--,--,--,--,--,--,--,--,--,--,--,"192 (2,329)",--,--,--,--,--,--,--,--,--,--,--,--,--
2018/01/18,--,--,--,--,--,"179 (32,278)",--,"168 (48,947)",--,--,--,--,--,"118 (21,491)",--,--,--,--,--,--,--,"189 (14,264)",--,--,--,--,--,--,"180 (5,555)",--,--,--,--,--,--,--,--,--,--,--,--,--,--,--,--,--,--,--,--,--,--,--,--,--,--
2018/01/25,--,--,--,--,--,"178 (30,859)",--,"167 (49,153)",--,--,--,--,--,"123 (21,466)",--,--,--,--,--,--,--,"187 (14,403)",--,--,--,--,--,--,"195 (5,417)",--,--,--,--,--,--,--,--,--,--,--,--,--,--,--,--,--,--,--,--,--,--,--,--,--,--
2018/02/01,--,--,"154 (366,034)",--,--,"182 (30,716)",--,"165 (51,904)",--,--,--,--,--,"114 (22,231)","189 (34,128)",--,--,--,--,--,--,"175 (14,564)",--,--,--,--,--,--,"149 (6,481)",--,--,--,--,--,--,--,--,--,--,--,--,"185 (2,571)",--,--,--,--,--,--,--,--,--,--,--,--,--
2018/02/08,--,--,"97 (472,776)",--,--,"185 (30,238)","175 (100,701)","146 (56,837)",--,"192 (112,214)",--,--,--,"106 (23,238)","173 (35,981)",--,--,--,--,--,--,"143 (16,669)",--,--,--,--,--,--,"143 (6,723)",--,--,--,"173 (7,794)",--,--,--,"177 (5,650)","171 (6,159)",--,"183 (9,534)",--,"141 (3,023)",--,--,--,--,--,--,--,--,--,--,--,--,--
2018/02/15,--,--,"102 (469,328)",--,--,"196 (29,942)","156 (110,598)","144 (57,306)",--,"186 (109,556)",--,--,--,"97 (25,962)","169 (36,948)",--,--,--,--,--,--,"152 (15,920)",--,--,--,--,--,--,"148 (6,011)",--,--,--,"158 (8,014)","174 (7,772)",--,--,"162 (6,075)","171 (6,195)",--,"189 (9,469)",--,"133 (3,107)",--,--,--,--,--,--,--,--,--,--,--,--,--
2018/02/22,--,--,"157 (375,657)",--,--,--,"187 (96,228)","165 (52,612)",--,--,--,--,--,"106 (25,571)","188 (35,839)",--,--,--,--,--,--,"154 (15,844)",--,--,--,--,--,--,"155 (6,629)",--,--,--,"186 (7,134)",--,--,--,"187 (5,620)","190 (5,802)",--,--,--,"153 (2,964)",--,--,--,--,--,--,--,--,--,--,--,--,--
2018/03/01,--,--,"176 (345,334)",--,--,"194 (29,466)",--,"172 (49,254)",--,--,--,--,--,"117 (24,034)",--,--,--,--,--,--,--,"175 (14,953)",--,--,--,--,--,--,"174 (6,244)",--,--,--,--,--,--,--,--,--,--,--,--,"152 (2,980)",--,--,--,--,--,--,--,--,--,--,--,--,--
2018/03/08,--,--,"195 (326,671)",--,--,"198 (30,048)",--,"178 (46,992)",--,--,--,--,--,"121 (23,152)",--,--,--,--,--,--,--,"172 (14,557)",--,--,--,--,--,--,"151 (6,757)",--,--,--,--,--,--,--,--,"200 (5,466)",--,--,--,"155 (2,891)",--,--,--,--,--,--,--,--,--,--,--,--,--
2018/03/15,--,--,"192 (317,089)",--,--,"176 (30,124)",--,"183 (43,603)",--,--,--,--,--,"125 (21,321)",--,--,--,--,--,--,--,"169 (14,264)",--,--,--,--,--,--,"159 (6,098)",--,--,--,"199 (6,557)",--,--,--,--,--,--,--,--,"152 (2,786)",--,--,--,--,--,--,--,--,--,--,--,--,--
2018/03/22,--,--,"195 (313,978)",--,--,"193 (30,960)",--,"172 (46,205)",--,"199 (98,575)",--,--,--,"125 (21,293)",--,--,--,--,--,--,--,"166 (15,121)",--,--,--,--,--,--,"133 (6,701)",--,--,--,"199 (6,613)",--,--,--,--,--,--,--,--,"158 (2,831)",--,--,--,--,--,--,--,--,--,--,--,--,--
2018/03/29,--,--,--,--,--,"199 (30,396)",--,--,--,--,--,--,--,"172 (16,344)",--,--,--,--,--,--,--,--,--,--,--,--,--,--,"180 (5,554)",--,--,--,--,--,--,--,--,--,--,--,--,--,--,--,--,--,--,--,--,--,--,--,--,--,--
2018/04/05,--,--,--,--,--,--,--,--,--,--,--,--,--,"178 (15,436)",--,--,--,--,--,--,--,--,--,--,--,--,--,--,"188 (5,303)",--,--,--,--,--,--,--,--,--,--,--,--,--,--,--,--,--,--,--,--,--,--,--,--,--,--
2018/04/12,--,--,--,--,--,"199 (30,944)",--,--,--,--,--,--,--,"182 (16,402)",--,--,--,--,--,--,--,--,--,--,--,--,--,--,"189 (5,425)",--,--,--,--,--,--,--,--,--,--,--,--,--,--,--,--,--,--,--,--,--,--,--,--,--,--
2018/04/19,--,--,--,--,--,"190 (33,362)",--,--,--,--,--,--,--,"185 (16,521)",--,--,--,--,--,--,--,--,--,--,--,--,--,--,"200 (5,171)","188 (20,389)",--,--,--,--,--,--,--,--,--,--,--,--,--,--,--,--,--,--,--,--,"125 (41,864)",--,--,--,--
2018/04/26,--,--,--,--,--,"196 (33,054)",--,--,--,--,--,--,--,"199 (15,752)",--,--,--,--,--,--,--,--,--,--,--,--,--,--,--,--,--,--,--,--,--,--,--,--,--,--,--,--,--,--,--,--,--,--,--,--,--,--,--,--,--
2018/05/03,--,--,--,--,--,"184 (32,337)",--,--,--,--,--,--,--,--,--,--,--,--,--,--,"156 (18,304)",--,--,--,--,--,--,--,--,--,--,--,--,--,--,--,--,--,--,--,--,--,--,--,--,--,--,--,--,--,--,--,--,"186 (11,053)",--
2018/05/10,--,--,--,--,--,"150 (34,644)",--,--,"196 (64,240)",--,--,--,--,--,--,"176 (41,309)",--,--,--,--,"180 (16,733)",--,--,--,--,--,--,--,--,--,--,--,--,--,--,--,--,--,--,--,--,--,--,--,--,--,--,--,--,--,--,--,--,--,--
2018/05/17,--,--,--,--,--,"157 (33,692)",--,--,--,--,--,--,--,"194 (15,504)",--,--,--,--,--,--,"61 (29,668)",--,--,--,--,--,--,--,--,--,--,--,--,--,--,--,--,--,--,--,--,--,--,--,--,--,--,--,--,--,--,--,--,--,--
2018/05/24,--,--,--,--,--,"200 (31,423)",--,--,--,--,--,--,--,--,--,--,--,--,--,--,"183 (16,652)",--,--,--,--,--,--,--,--,--,--,--,--,--,--,--,--,--,--,--,--,--,--,--,--,--,--,--,--,--,--,--,--,--,--
2018/06/28,--,--,--,--,--,--,--,--,--,--,--,--,--,--,--,--,--,--,--,--,--,--,--,--,"157 (21,285)",--,--,--,--,--,--,--,--,--,--,--,--,--,--,--,--,--,--,--,--,--,--,--,--,--,--,--,--,--,--
2021/02/04,--,--,--,--,--,--,--,--,--,--,--,--,--,--,--,--,--,--,--,--,--,--,--,--,--,--,--,--,--,--,--,--,--,--,--,--,--,--,--,--,--,--,--,--,"191 (4,885)",--,--,--,--,--,--,--,--,--,--
2021/02/11,--,--,--,--,--,--,--,--,--,--,--,--,--,--,--,--,--,--,--,--,--,--,--,--,--,--,--,--,--,--,--,--,--,--,--,--,--,--,--,--,--,--,--,--,"199 (4,809)",--,--,--,--,--,--,--,--,--,--
2021/02/18,--,--,--,--,--,"193 (40,692)",--,--,--,--,--,--,--,--,--,--,--,--,--,--,--,--,--,--,--,--,--,--,--,--,--,--,--,--,--,--,--,--,--,--,--,--,--,--,--,--,--,--,--,--,--,--,--,--,--
2021/02/25,--,--,--,--,--,"181 (44,049)",--,--,--,--,--,--,--,--,--,--,--,--,--,--,--,--,--,--,--,--,--,--,--,--,--,--,--,--,--,--,--,--,--,--,--,--,--,--,--,--,--,--,--,--,--,--,--,--,--
2021/03/04,--,--,--,--,--,"158 (47,659)",--,--,--,--,--,--,--,--,--,--,--,--,--,--,--,--,--,--,--,--,--,--,--,--,--,--,--,--,--,--,--,--,--,--,--,--,--,--,--,--,--,--,--,--,--,--,--,--,--
2021/03/11,--,--,--,"191 (188,481)",--,"116 (56,675)",--,--,--,--,--,--,--,--,--,--,--,--,--,--,--,--,--,--,"169 (36,185)",--,--,--,--,--,--,--,--,--,--,--,--,--,--,--,--,--,--,--,--,--,--,--,--,--,--,--,--,--,--
2021/03/18,--,--,--,"176 (192,245)",--,"102 (61,305)",--,--,"200 (203,083)",--,--,--,--,--,--,"185 (41,859)",--,--,--,--,--,--,--,--,"159 (37,670)",--,--,--,--,--,--,--,--,--,--,--,--,--,--,--,--,--,--,--,--,--,--,--,--,--,--,--,--,--,--
2021/03/25,--,--,--,"172 (195,159)",--,"109 (60,683)",--,--,--,--,--,--,--,--,--,"187 (41,202)",--,--,--,--,--,--,--,--,"171 (37,443)",--,--,--,--,--,--,--,--,--,--,--,--,--,--,--,--,--,--,--,"193 (4,840)",--,--,--,--,--,--,--,--,--,--
2021/04/01,--,--,--,"163 (194,199)",--,"101 (64,884)",--,--,"177 (219,299)",--,--,--,--,--,--,"182 (43,478)",--,--,--,--,--,--,--,--,"162 (36,976)",--,--,--,--,--,--,--,--,--,--,--,--,--,--,--,--,--,--,--,--,--,--,--,--,--,--,--,--,--,--
2021/04/08,--,--,--,"168 (189,782)",--,"88 (65,979)",--,--,"170 (227,636)",--,--,--,--,--,--,"185 (41,947)",--,--,--,--,--,--,--,--,"158 (36,556)",--,--,--,--,--,--,--,--,--,--,--,--,--,--,--,--,--,--,--,--,--,--,--,--,--,--,--,--,--,--
2021/04/15,--,--,--,"185 (199,397)",--,"87 (62,821)",--,--,"136 (242,953)",--,--,--,--,--,--,--,--,--,--,--,--,--,--,--,"141 (40,289)",--,--,--,--,--,--,--,--,--,--,--,--,--,--,--,--,--,--,--,--,--,--,--,--,--,--,--,--,--,--
2021/04/22,--,--,--,"167 (203,957)",--,"85 (62,090)",--,--,"110 (262,094)",--,--,--,--,--,--,"177 (43,141)",--,--,--,--,--,--,--,--,"144 (40,497)",--,--,--,--,--,--,--,--,--,--,--,--,--,--,--,--,--,--,--,"182 (5,116)",--,--,--,--,--,--,--,--,--,--
2021/04/29,"197 (4,945,935)",--,--,"170 (201,201)",--,"85 (66,996)",--,--,"95 (294,181)",--,--,--,--,--,--,"175 (43,645)",--,--,--,--,--,--,--,--,"140 (41,041)",--,--,--,--,--,--,--,--,--,--,--,--,--,--,--,--,--,--,--,--,--,--,--,--,--,--,--,--,--,--
2021/05/06,--,--,--,"161 (204,728)",--,"109 (64,129)",--,--,"93 (300,430)",--,--,--,--,--,--,"180 (42,916)",--,--,--,--,--,--,--,--,"160 (38,720)",--,--,--,--,--,--,--,--,--,--,--,--,--,--,--,--,--,--,--,--,--,--,--,--,--,--,--,--,--,--
2021/05/13,--,--,--,"167 (196,920)",--,"134 (56,001)",--,--,"102 (258,612)",--,--,--,--,--,--,--,--,--,--,--,--,--,--,--,"168 (37,183)",--,--,--,--,--,--,--,--,--,--,--,--,--,--,--,--,--,--,--,--,--,--,--,--,--,--,--,--,--,--
2021/05/20,--,--,--,"184 (188,138)",--,"91 (56,669)",--,--,"116 (248,257)",--,--,--,--,--,--,--,--,--,--,--,--,--,--,--,"181 (36,815)",--,--,--,--,--,--,--,--,--,--,--,--,--,--,--,--,--,--,--,--,--,--,--,--,--,--,--,--,--,--
2021/05/27,--,--,--,--,--,"105 (57,845)",--,--,"131 (258,090)",--,--,--,--,--,--,--,--,--,--,--,--,--,--,--,--,--,--,--,--,--,--,--,--,--,--,--,--,--,--,--,--,--,--,--,--,--,--,--,--,--,--,--,--,--,--
2021/06/03,--,--,--,--,--,"113 (54,530)",--,--,"150 (236,572)",--,--,--,--,--,--,--,--,--,--,--,--,--,--,--,--,--,--,--,--,--,--,--,--,--,--,--,--,--,--,--,--,--,--,--,--,--,--,--,--,--,--,--,--,--,--
2021/06/10,--,--,--,--,--,"131 (51,234)",--,--,"168 (234,192)",--,--,--,--,--,--,--,--,--,--,--,--,--,--,--,--,--,--,--,--,--,--,--,--,--,--,--,--,--,--,--,--,--,--,--,--,--,--,--,--,--,--,--,--,--,--
2021/06/17,--,--,--,--,--,"144 (50,647)",--,--,"171 (211,795)",--,--,--,--,--,--,--,--,--,--,--,--,--,--,--,--,--,--,--,--,--,--,--,--,--,--,--,--,--,--,--,--,--,--,--,--,--,--,--,--,--,--,--,--,--,--
2021/06/24,--,--,--,--,--,"154 (49,088)",--,--,"189 (194,655)",--,--,--,--,--,--,--,--,--,--,--,--,--,--,--,--,--,--,--,--,--,--,--,--,--,--,--,--,--,--,--,--,--,--,--,--,--,--,--,--,--,--,--,--,--,--
2021/07/01,--,--,--,--,--,"156 (48,606)",--,--,--,--,--,--,--,--,--,--,--,--,--,--,--,--,--,--,--,--,--,--,--,--,--,--,--,--,--,--,--,--,--,--,--,--,--,--,--,--,--,--,--,--,--,--,--,--,--
2021/07/08,--,--,--,--,--,"157 (46,601)",--,--,--,--,--,--,--,--,--,--,--,--,--,--,--,--,--,--,--,--,--,--,--,--,--,--,--,--,--,--,--,--,--,--,--,--,--,--,--,--,--,--,--,--,--,--,--,--,--
2021/07/15,--,--,--,--,--,"169 (45,216)",--,--,--,--,--,--,--,--,--,--,--,--,--,--,--,--,--,--,--,--,--,--,--,--,--,--,--,--,--,--,--,--,--,--,--,--,--,--,--,--,--,--,--,--,--,--,--,--,--
2021/07/22,--,--,--,--,--,"180 (40,649)",--,--,--,--,--,--,--,--,--,--,--,--,--,--,--,--,--,--,--,--,--,--,--,--,--,--,--,--,--,--,--,--,--,--,--,--,--,--,--,--,--,--,--,--,--,--,--,--,--
2021/07/29,--,--,--,--,--,"198 (41,825)",--,--,--,--,--,--,--,--,--,--,--,--,--,--,--,--,--,--,--,--,--,--,--,--,--,--,--,--,--,--,--,--,--,--,--,--,--,--,--,--,--,--,--,--,--,--,--,--,--
2021/08/05,--,--,--,--,--,"197 (43,408)",--,--,--,--,--,--,--,--,--,--,--,--,--,--,--,--,--,--,--,--,--,--,--,--,--,--,--,--,--,--,--,--,--,--,--,--,--,--,--,--,--,--,--,--,--,--,--,--,--
2021/08/12,--,--,--,--,--,"187 (41,999)",--,--,--,--,--,--,--,--,--,--,--,--,--,--,--,--,--,--,--,--,--,--,--,--,--,--,--,--,--,--,--,--,--,--,--,--,--,--,--,--,--,--,--,--,--,--,--,--,--
2021/08/19,--,--,--,--,--,"195 (41,893)",--,--,--,--,--,--,--,--,--,--,--,--,--,--,--,--,--,--,--,--,--,--,--,--,--,--,--,--,--,--,--,--,--,--,--,--,--,--,--,--,--,--,--,--,--,--,--,--,--
2021/11/11,--,--,--,--,--,"192 (49,612)",--,--,--,--,--,--,--,--,--,--,--,--,--,--,--,--,--,--,--,--,--,--,--,--,--,--,--,--,--,--,--,--,--,--,--,--,--,--,--,--,--,--,--,--,--,--,--,--,--
2021/12/02,--,--,--,--,--,"185 (51,906)",--,--,--,--,--,--,--,--,--,--,--,--,--,--,--,--,--,--,--,--,--,--,--,--,--,--,--,--,--,--,--,--,--,--,--,--,--,--,--,--,--,--,--,--,--,--,--,--,--
2022/01/06,--,--,--,--,--,"193 (50,078)",--,--,--,--,--,--,--,--,--,--,--,--,--,--,--,--,--,--,--,--,--,--,--,--,--,--,--,--,--,--,--,--,--,--,--,--,--,--,--,--,--,--,--,--,--,--,--,--,--
2022/02/24,--,--,--,--,--,--,--,--,--,--,--,--,--,--,--,--,--,--,--,--,--,--,--,--,--,--,--,--,--,--,--,--,--,--,--,--,--,--,--,--,--,--,--,--,"197 (4,324)",--,--,--,--,--,--,--,--,--,--
2022/03/03,--,--,--,--,--,--,--,--,--,--,--,--,--,--,--,--,--,--,--,--,--,--,--,--,--,--,--,--,--,--,--,--,--,--,--,--,--,--,--,--,--,--,--,--,"200 (4,301)",--,--,--,--,--,--,--,--,--,--
2022/03/31,--,--,--,--,--,--,--,--,--,--,--,--,--,--,--,--,--,--,--,--,--,--,--,--,--,--,--,--,--,--,--,--,--,--,--,--,--,--,--,--,--,--,--,--,"195 (4,477)",--,--,--,--,--,--,--,--,--,--
2022/04/07,"181 (5,468,802)","177 (1,629,466)",--,--,--,"175 (55,657)",--,--,--,--,--,--,--,--,--,--,--,--,--,--,--,--,--,--,--,--,--,"187 (214,205)",--,--,--,--,--,--,--,--,--,--,--,--,--,--,--,--,"132 (5,364)",--,--,--,--,--,--,--,--,--,--
2022/04/14,"196 (5,343,982)",--,--,--,--,"169 (55,595)",--,--,--,--,--,--,--,--,--,--,--,--,--,--,--,--,--,--,--,--,--,--,--,--,--,--,--,--,--,--,--,--,--,--,--,--,--,--,"172 (4,782)",--,--,--,--,--,--,--,--,--,--
2022/04/21,"192 (5,194,197)","193 (1,538,635)",--,--,--,--,--,--,--,--,--,--,--,--,--,--,--,--,--,--,--,--,--,--,--,--,--,--,--,--,--,--,--,--,--,--,--,--,--,--,--,--,--,--,"179 (4,505)",--,--,--,--,--,--,--,--,--,--
2022/04/28,"189 (5,381,827)",--,--,--,--,--,--,--,--,--,--,--,--,--,--,--,--,--,--,--,--,--,--,--,--,--,--,--,--,--,--,--,--,--,--,--,--,--,--,--,--,--,--,--,"175 (4,786)",--,--,--,--,--,--,--,--,--,--
2022/05/05,--,--,--,--,--,--,--,--,--,--,--,--,--,--,--,--,--,--,--,--,--,--,--,--,--,--,--,--,--,--,--,--,--,--,--,--,--,--,--,--,--,--,--,--,"181 (5,170)",--,--,--,--,--,--,--,--,--,--
2022/05/12,--,--,--,--,--,"186 (53,740)",--,--,--,--,--,--,--,--,--,--,--,--,--,--,--,--,--,--,--,--,--,--,--,--,--,--,--,--,--,--,--,--,--,--,--,--,--,--,"196 (4,907)",--,--,--,--,--,--,--,--,--,--
2022/05/19,--,--,--,--,--,"175 (58,108)",--,--,--,--,--,--,--,--,--,--,--,--,--,--,--,--,--,--,--,--,--,--,--,--,--,--,--,--,--,--,--,--,--,--,--,--,--,--,--,--,--,--,--,--,--,--,--,--,--
2022/05/26,--,--,--,--,--,"181 (59,755)",--,--,--,--,--,--,--,--,--,--,--,--,--,--,--,--,--,--,--,--,--,--,--,--,--,--,--,--,--,--,--,--,--,--,--,--,--,--,--,--,--,--,--,--,--,--,--,--,--
2022/06/02,--,--,--,--,--,"176 (60,942)",--,--,--,--,--,--,--,--,--,--,--,--,--,--,--,--,--,--,--,--,--,--,--,--,--,--,--,--,--,--,--,--,--,--,--,--,--,--,--,--,--,--,--,--,--,--,--,--,--
2022/06/09,--,--,--,--,--,"188 (64,231)",--,--,--,--,--,--,--,--,--,--,--,--,--,--,--,--,--,--,--,--,--,--,--,--,--,--,--,--,--,--,--,--,--,--,--,--,--,--,--,--,--,--,--,--,--,--,--,--,--
2022/06/23,--,--,--,--,--,"191 (61,806)",--,--,--,--,--,--,--,--,--,--,--,--,--,--,--,--,--,--,--,--,--,--,--,--,--,--,--,--,--,--,--,--,--,--,--,--,--,--,--,--,--,--,--,--,--,--,--,--,--
2022/06/30,--,--,--,--,--,"182 (60,930)",--,--,--,--,--,--,--,--,--,--,--,--,--,--,--,--,--,--,--,--,--,--,--,--,--,--,--,--,--,--,--,--,--,--,--,--,--,--,--,--,--,--,--,--,--,--,--,--,--
2022/07/07,--,--,--,--,--,"180 (60,386)",--,--,--,--,--,--,--,--,--,--,--,--,--,--,--,--,--,--,--,--,--,--,--,--,--,--,--,--,--,--,--,--,--,--,--,--,--,--,--,--,--,--,--,--,--,--,--,--,--
2022/07/14,--,--,--,--,--,"181 (59,371)",--,--,--,--,--,--,--,--,--,--,--,--,--,--,--,--,--,--,--,--,--,--,--,--,--,--,--,--,--,--,--,--,--,--,--,--,--,--,--,--,--,--,--,--,--,--,--,--,--
2022/08/04,--,--,--,--,--,"185 (60,736)",--,--,--,--,--,--,--,--,--,--,--,--,--,--,--,--,--,--,--,--,--,--,--,--,--,--,--,--,--,--,--,--,--,--,--,--,--,--,--,--,--,--,--,--,--,--,--,--,--
2022/08/11,--,--,--,--,--,"144 (69,265)",--,--,--,--,--,--,--,--,--,--,--,--,--,--,--,--,--,--,--,--,--,--,--,--,--,--,--,--,--,--,--,--,--,--,--,--,--,--,"181 (4,906)",--,--,--,--,--,--,--,--,--,--
2022/08/25,--,--,--,--,--,"151 (68,008)",--,--,--,--,--,--,--,--,--,--,--,--,--,--,--,--,--,--,--,--,--,--,--,--,--,--,--,--,--,--,--,--,--,--,--,--,--,--,"191 (4,779)",--,--,--,--,--,--,--,--,--,--
2022/09/01,--,--,--,--,--,"152 (68,099)",--,--,--,--,--,--,--,--,--,--,--,--,--,--,--,--,--,--,--,--,--,--,--,--,--,--,--,--,--,--,--,--,--,--,--,--,--,--,"190 (4,887)",--,--,--,--,--,--,--,--,--,--
2022/09/08,--,--,--,--,--,"165 (71,702)",--,--,--,--,--,--,--,--,--,--,--,--,--,--,--,--,--,--,--,--,--,--,--,--,--,--,--,--,--,--,--,--,--,--,--,--,--,--,--,--,--,--,--,--,--,--,--,--,--
2022/09/15,--,--,--,--,--,"180 (64,258)",--,--,--,--,--,--,--,--,--,--,--,--,--,--,--,--,--,--,--,--,--,--,--,--,--,--,--,--,--,--,--,--,--,--,--,--,--,--,"189 (4,859)",--,--,--,--,--,--,--,--,--,--
2022/09/22,--,--,--,--,--,"167 (65,977)",--,--,--,--,--,--,--,--,--,--,--,--,--,--,--,--,--,--,--,--,--,--,--,--,--,--,--,--,--,--,--,--,--,--,--,--,--,--,"192 (4,917)",--,--,--,--,--,--,--,--,--,--
2022/09/29,--,--,--,--,--,"171 (66,293)",--,--,--,--,--,--,--,--,--,--,--,--,--,--,--,--,--,--,"199 (42,659)",--,--,--,--,--,--,--,--,--,--,--,--,--,--,--,--,--,--,--,"183 (5,156)",--,--,--,--,--,--,--,--,--,--
2022/10/06,"186 (6,103,062)",--,--,--,--,"150 (71,696)",--,--,--,--,--,--,--,--,--,--,--,--,--,--,--,--,--,--,"188 (44,508)",--,--,--,--,--,--,--,--,--,--,--,--,--,--,--,--,--,--,--,"168 (5,376)",--,--,--,--,--,--,--,--,--,--
2022/10/13,"182 (6,220,603)",--,--,--,--,"156 (70,638)",--,--,--,--,--,--,--,--,--,--,--,--,--,--,--,--,--,--,"181 (46,400)",--,--,--,--,--,--,--,--,--,--,--,--,--,--,--,--,--,--,--,"174 (5,171)",--,--,--,--,--,--,--,--,--,--
2022/10/20,"161 (6,721,129)","197 (1,685,522)",--,--,--,"131 (79,985)",--,--,"166 (471,997)",--,--,--,--,--,--,--,--,--,--,"120 (293,379)",--,--,--,--,"179 (49,843)",--,--,--,--,--,--,--,--,--,--,--,--,--,--,--,--,--,--,--,"176 (5,359)",--,--,--,--,--,--,--,--,--,--
2022/10/27,"175 (6,829,458)",--,--,--,--,"175 (79,803)",--,--,"180 (460,747)",--,--,--,--,--,--,--,--,--,--,"169 (265,433)",--,--,--,--,"171 (51,175)",--,--,--,--,--,--,--,--,--,--,--,--,--,--,--,"196 (45,351)",--,--,--,"149 (5,885)",--,--,--,--,--,--,--,--,--,--
2022/11/03,"172 (6,838,656)","193 (1,732,057)",--,--,--,"167 (77,150)",--,--,"181 (458,835)",--,"175 (72,116)",--,"186 (412,166)",--,--,--,"179 (171,320)",--,--,"172 (262,625)",--,--,--,--,"158 (50,721)",--,--,"197 (234,779)",--,--,--,--,--,--,--,"198 (46,579)",--,--,--,--,"171 (49,202)",--,--,--,"111 (6,674)",--,--,--,--,--,--,--,--,--,--
